Key,Game_Date,Game_Result,At_Bats,Runs_Scored,Hits,Home_Runs,Runs_Batted_In
1,2021-10-02,1,5,3,3,3,7
2,2021-09-12,1,4,3,3,3,5
3,2021-08-01,0,4,3,4,3,5
4,2021-07-31,0,4,4,4,3,6
5,2021-07-08,1,5,3,3,3,5
6,2021-06-25,1,5,4,4,3,4
7,2021-06-20,1,4,3,3,3,4
8,2021-06-19,0,4,3,4,3,4
9,2021-06-06,1,4,3,3,3,6
10,2021-05-21,1,4,4,4,3,3
11,2021-05-18,1,4,3,3,3,4
12,2021-04-27,1,4,3,3,3,7
13,2021-04-11,1,6,4,4,3,4
14,2021-04-06,0,6,3,4,3,4
15,2021-10-03,1,5,3,4,2,4
16,2021-10-03,0,4,2,2,2,3
17,2021-10-03,1,4,3,3,2,5
18,2021-10-01,1,3,2,2,2,5
19,2021-10-01,1,4,3,3,2,2
20,2021-10-01,1,4,2,2,2,2
21,2021-09-30,1,3,2,2,2,2
22,2021-09-30,1,4,2,3,2,2
23,2021-09-30,1,3,2,2,2,4
24,2021-09-30,0,5,3,3,2,2
25,2021-09-30,1,3,2,2,2,3
26,2021-09-30,1,5,2,2,2,3
27,2021-09-29,1,4,2,3,2,2
28,2021-09-29,1,4,2,2,2,3
29,2021-09-28,1,4,2,2,2,3
30,2021-09-27,1,4,2,2,2,4
31,2021-09-27,1,5,2,2,2,6
32,2021-09-26,1,4,2,2,2,2
33,2021-09-25,0,4,2,2,2,2
34,2021-09-25,1,5,2,3,2,4
35,2021-09-24,1,4,2,3,2,3
36,2021-09-23,1,4,2,3,2,4
37,2021-09-23,1,3,2,3,2,2
38,2021-09-23,0,4,2,2,2,5
39,2021-09-23,1,5,2,3,2,3
40,2021-09-22,1,4,3,3,2,3
41,2021-09-22,1,4,4,3,2,4
42,2021-09-21,0,5,2,3,2,2
43,2021-09-20,1,4,3,2,2,3
44,2021-09-20,1,3,2,3,2,3
45,2021-09-18,1,5,2,2,2,2
46,2021-09-18,1,3,2,2,2,2
47,2021-09-17,1,4,2,2,2,4
48,2021-09-17,1,4,3,3,2,2
49,2021-09-17,1,4,2,2,2,5
50,2021-09-15,1,4,2,2,2,4
51,2021-09-15,0,4,2,2,2,3
52,2021-09-14,0,4,2,2,2,2
53,2021-09-13,1,5,4,2,2,3
54,2021-09-13,1,5,3,4,2,5
55,2021-09-12,1,5,2,3,2,2
56,2021-09-12,1,3,5,2,2,7
57,2021-09-12,1,4,2,3,2,5
58,2021-09-12,1,5,2,2,2,3
59,2021-09-12,1,5,2,2,2,3
60,2021-09-11,0,5,2,2,2,3
61,2021-09-11,1,5,2,3,2,3
62,2021-09-11,1,4,2,2,2,3
63,2021-09-10,1,3,2,2,2,3
64,2021-09-10,1,5,2,2,2,2
65,2021-09-10,1,5,3,4,2,5
66,2021-09-09,1,2,2,2,2,2
67,2021-09-07,1,4,2,3,2,4
68,2021-09-07,1,5,2,2,2,3
69,2021-09-07,1,4,2,2,2,3
70,2021-09-07,1,5,3,4,2,4
71,2021-09-07,0,2,2,2,2,4
72,2021-09-07,1,4,3,3,2,2
73,2021-09-06,1,5,3,3,2,2
74,2021-09-06,1,5,2,2,2,5
75,2021-09-06,1,5,2,3,2,3
76,2021-09-05,1,5,2,3,2,5
77,2021-09-05,0,3,2,3,2,3
78,2021-09-05,1,5,2,4,2,4
79,2021-09-05,0,4,2,2,2,6
80,2021-09-04,1,5,2,2,2,6
81,2021-09-04,0,4,2,2,2,5
82,2021-09-03,1,5,2,2,2,3
83,2021-09-03,0,4,2,2,2,3
84,2021-09-03,1,5,2,2,2,3
85,2021-09-01,1,3,3,2,2,6
86,2021-09-01,1,2,2,2,2,3
87,2021-09-01,1,3,2,2,2,4
88,2021-08-31,1,5,2,5,2,5
89,2021-08-31,1,5,2,2,2,3
90,2021-08-30,1,4,2,2,2,4
91,2021-08-30,0,4,2,2,2,3
92,2021-08-29,1,4,3,2,2,3
93,2021-08-29,1,4,2,3,2,6
94,2021-08-29,0,4,2,2,2,3
95,2021-08-29,0,5,2,2,2,2
96,2021-08-28,1,4,2,2,2,2
97,2021-08-28,1,3,3,2,2,2
98,2021-08-27,0,4,3,2,2,4
99,2021-08-27,1,6,2,4,2,8
100,2021-08-26,0,5,2,3,2,4
101,2021-08-26,1,4,3,3,2,7
102,2021-08-25,1,4,3,2,2,2
103,2021-08-24,1,5,2,4,2,3
104,2021-08-24,0,5,2,2,2,2
105,2021-08-24,1,4,2,2,2,5
106,2021-08-22,1,3,2,2,2,2
107,2021-08-22,1,4,2,2,2,2
108,2021-08-21,0,4,2,2,2,2
109,2021-08-21,1,5,3,3,2,6
110,2021-08-20,1,3,2,2,2,2
111,2021-08-18,1,3,3,2,2,5
112,2021-08-18,0,4,2,2,2,3
113,2021-08-18,0,5,2,2,2,2
114,2021-08-18,1,4,2,2,2,2
115,2021-08-17,1,4,2,2,2,5
116,2021-08-16,1,4,2,2,2,3
117,2021-08-16,1,4,2,3,2,3
118,2021-08-15,1,4,3,2,2,4
119,2021-08-15,1,4,2,2,2,4
120,2021-08-15,1,5,3,4,2,4
121,2021-08-14,1,5,2,3,2,6
122,2021-08-14,1,4,2,2,2,3
123,2021-08-14,1,4,2,2,2,2
124,2021-08-14,1,4,2,2,2,3
125,2021-08-14,1,4,2,2,2,5
126,2021-08-13,1,4,2,2,2,2
127,2021-08-12,0,4,2,2,2,4
128,2021-08-12,1,5,3,2,2,2
129,2021-08-12,0,4,2,2,2,5
130,2021-08-12,0,4,2,2,2,2
131,2021-08-12,1,6,3,3,2,6
132,2021-08-12,1,6,5,5,2,5
133,2021-08-11,0,5,2,4,2,4
134,2021-08-11,1,4,3,2,2,2
135,2021-08-11,1,4,2,3,2,3
136,2021-08-11,1,5,2,2,2,4
137,2021-08-10,1,4,2,3,2,3
138,2021-08-10,0,4,2,2,2,2
139,2021-08-09,1,4,2,2,2,5
140,2021-08-08,1,4,2,3,2,5
141,2021-08-08,1,4,2,2,2,7
142,2021-08-08,1,4,2,2,2,3
143,2021-08-08,1,4,2,2,2,5
144,2021-08-08,1,4,2,2,2,4
145,2021-08-07,1,5,3,2,2,3
146,2021-08-07,1,4,2,2,2,2
147,2021-08-06,1,3,4,2,2,4
148,2021-08-05,1,4,2,2,2,3
149,2021-08-04,1,5,2,2,2,2
150,2021-08-04,0,4,2,2,2,2
151,2021-08-01,1,5,2,4,2,3
152,2021-07-31,1,4,2,2,2,4
153,2021-07-31,0,4,2,2,2,3
154,2021-07-31,1,4,2,2,2,3
155,2021-07-31,1,4,2,3,2,7
156,2021-07-30,1,3,2,2,2,2
157,2021-07-30,1,4,3,3,2,3
158,2021-07-30,1,6,3,3,2,5
159,2021-07-30,0,4,2,4,2,4
160,2021-07-29,1,5,3,3,2,5
161,2021-07-29,1,5,2,3,2,5
162,2021-07-29,1,3,2,3,2,2
163,2021-07-28,0,4,2,2,2,3
164,2021-07-28,0,3,2,2,2,6
165,2021-07-28,1,3,2,2,2,3
166,2021-07-28,1,3,2,3,2,2
167,2021-07-28,0,5,2,3,2,4
168,2021-07-27,1,4,2,2,2,2
169,2021-07-27,1,5,2,2,2,6
170,2021-07-26,1,4,2,2,2,2
171,2021-07-25,1,4,2,3,2,2
172,2021-07-25,1,4,2,3,2,2
173,2021-07-25,1,5,2,3,2,2
174,2021-07-24,1,4,2,3,2,3
175,2021-07-24,1,5,2,2,2,4
176,2021-07-24,1,4,3,3,2,3
177,2021-07-24,1,4,2,2,2,4
178,2021-07-23,1,4,2,2,2,5
179,2021-07-23,1,3,2,2,2,2
180,2021-07-23,1,4,2,2,2,3
181,2021-07-23,1,4,2,3,2,2
182,2021-07-21,1,5,2,3,2,2
183,2021-07-20,1,4,2,2,2,2
184,2021-07-20,1,4,4,3,2,3
185,2021-07-19,0,3,2,2,2,2
186,2021-07-19,1,5,3,3,2,3
187,2021-07-19,1,4,3,3,2,5
188,2021-07-19,1,6,3,3,2,3
189,2021-07-17,0,4,2,3,2,4
190,2021-07-17,1,5,2,4,2,5
191,2021-07-16,1,6,3,3,2,7
192,2021-07-16,0,5,2,4,2,4
193,2021-07-16,1,4,2,2,2,4
194,2021-07-16,1,3,3,2,2,4
195,2021-07-11,1,4,2,2,2,4
196,2021-07-11,0,3,2,2,2,2
197,2021-07-11,1,4,2,2,2,2
198,2021-07-11,1,4,2,2,2,3
199,2021-07-10,1,4,3,4,2,2
200,2021-07-10,1,6,2,3,2,3
201,2021-07-10,1,3,2,2,2,3
202,2021-07-09,1,4,2,2,2,2
203,2021-07-08,0,3,2,2,2,2
204,2021-07-08,0,5,3,3,2,3
205,2021-07-07,1,4,2,2,2,3
206,2021-07-07,1,3,2,3,2,2
207,2021-07-07,0,3,2,2,2,3
208,2021-07-06,1,3,3,3,2,5
209,2021-07-06,0,4,2,2,2,4
210,2021-07-05,1,5,3,3,2,6
211,2021-07-05,1,3,3,2,2,3
212,2021-07-04,1,2,3,2,2,5
213,2021-07-03,1,4,2,3,2,6
214,2021-07-03,1,4,2,2,2,2
215,2021-07-02,1,4,3,2,2,3
216,2021-07-01,1,4,2,2,2,3
217,2021-07-01,0,4,2,2,2,2
218,2021-06-30,0,3,2,2,2,2
219,2021-06-30,1,6,4,5,2,7
220,2021-06-30,1,5,2,2,2,5
221,2021-06-30,1,5,3,4,2,4
222,2021-06-30,1,3,2,2,2,5
223,2021-06-30,1,5,2,2,2,5
224,2021-06-30,0,5,2,3,2,2
225,2021-06-29,1,3,2,2,2,2
226,2021-06-29,0,5,2,2,2,3
227,2021-06-28,1,5,2,3,2,2
228,2021-06-28,1,4,2,2,2,3
229,2021-06-26,1,3,2,2,2,2
230,2021-06-26,1,3,2,2,2,5
231,2021-06-25,1,5,2,2,2,4
232,2021-06-24,1,4,2,2,2,4
233,2021-06-23,1,4,2,2,2,3
234,2021-06-23,1,4,2,2,2,2
235,2021-06-20,1,4,3,4,2,2
236,2021-06-20,0,4,2,2,2,3
237,2021-06-19,1,4,2,2,2,4
238,2021-06-19,1,4,2,3,2,5
239,2021-06-19,0,5,2,2,2,2
240,2021-06-19,1,4,3,2,2,3
241,2021-06-19,0,4,2,2,2,2
242,2021-06-19,1,4,3,2,2,4
243,2021-06-19,1,6,2,3,2,6
244,2021-06-18,1,4,3,3,2,6
245,2021-06-18,1,4,2,3,2,4
246,2021-06-18,1,4,2,3,2,2
247,2021-06-18,1,5,2,2,2,3
248,2021-06-18,0,4,2,2,2,2
249,2021-06-16,1,4,2,2,2,3
250,2021-06-16,1,4,2,2,2,2
251,2021-06-16,0,3,2,2,2,2
252,2021-06-13,1,4,2,2,2,4
253,2021-06-13,1,4,2,2,2,2
254,2021-06-13,1,6,2,3,2,6
255,2021-06-12,0,5,2,2,2,2
256,2021-06-11,0,4,2,3,2,2
257,2021-06-11,0,4,2,2,2,2
258,2021-06-10,0,4,2,2,2,2
259,2021-06-09,1,4,2,3,2,4
260,2021-06-09,0,5,2,2,2,3
261,2021-06-09,1,4,2,2,2,3
262,2021-06-09,1,5,2,3,2,5
263,2021-06-09,1,5,2,3,2,2
264,2021-06-09,1,4,3,3,2,3
265,2021-06-09,1,5,3,3,2,5
266,2021-06-08,0,4,2,2,2,3
267,2021-06-08,1,3,3,2,2,4
268,2021-06-06,1,4,2,2,2,3
269,2021-06-05,0,5,2,2,2,2
270,2021-06-05,1,4,2,2,2,3
271,2021-06-05,0,5,3,5,2,2
272,2021-06-04,0,4,2,4,2,5
273,2021-06-04,1,5,2,2,2,4
274,2021-06-04,1,2,3,2,2,2
275,2021-06-03,0,5,3,3,2,2
276,2021-06-03,1,4,2,2,2,2
277,2021-06-02,1,5,2,2,2,2
278,2021-06-01,1,3,3,2,2,2
279,2021-06-01,1,6,3,3,2,3
280,2021-06-01,1,4,2,2,2,3
281,2021-06-01,1,3,2,2,2,4
282,2021-06-01,1,5,2,3,2,3
283,2021-06-01,0,5,2,2,2,3
284,2021-06-01,0,4,2,2,2,2
285,2021-05-31,0,4,2,2,2,2
286,2021-05-31,1,4,2,3,2,2
287,2021-05-31,1,4,2,2,2,2
288,2021-05-31,1,4,2,2,2,3
289,2021-05-29,0,4,2,2,2,2
290,2021-05-26,1,4,2,2,2,2
291,2021-05-25,1,5,2,3,2,3
292,2021-05-24,0,5,2,2,2,3
293,2021-05-23,1,4,2,2,2,5
294,2021-05-23,1,3,3,3,2,6
295,2021-05-22,1,5,2,2,2,2
296,2021-05-22,1,4,2,2,2,3
297,2021-05-21,1,5,2,3,2,5
298,2021-05-21,0,5,2,3,2,4
299,2021-05-21,1,4,2,3,2,3
300,2021-05-21,1,4,2,2,2,3
301,2021-05-21,1,3,3,2,2,3
302,2021-05-20,1,4,2,2,2,3
303,2021-05-20,1,6,2,4,2,2
304,2021-05-19,0,5,2,4,2,5
305,2021-05-19,1,5,2,3,2,4
306,2021-05-18,1,3,3,2,2,3
307,2021-05-18,1,5,2,2,2,4
308,2021-05-17,1,4,2,2,2,2
309,2021-05-16,0,4,2,3,2,4
310,2021-05-15,1,5,3,3,2,7
311,2021-05-14,1,3,2,2,2,2
312,2021-05-12,1,3,2,2,2,3
313,2021-05-11,0,4,2,2,2,2
314,2021-05-08,1,4,2,2,2,3
315,2021-05-07,0,4,2,3,2,2
316,2021-05-06,1,4,2,3,2,2
317,2021-05-04,1,4,2,2,2,2
318,2021-05-04,1,5,2,2,2,5
319,2021-05-02,0,4,2,2,2,3
320,2021-05-02,1,6,4,5,2,4
321,2021-05-02,0,5,2,3,2,3
322,2021-05-02,1,6,2,3,2,8
323,2021-05-01,1,4,2,4,2,3
324,2021-05-01,1,5,2,2,2,3
325,2021-05-01,1,4,3,3,2,2
326,2021-04-30,1,4,2,2,2,5
327,2021-04-30,1,4,2,2,2,4
328,2021-04-30,1,4,3,2,2,4
329,2021-04-30,1,4,2,3,2,4
330,2021-04-28,1,5,2,2,2,3
331,2021-04-27,0,4,2,2,2,2
332,2021-04-27,1,4,2,3,2,2
333,2021-04-27,1,4,3,3,2,2
334,2021-04-26,1,4,2,3,2,2
335,2021-04-26,1,4,2,2,2,2
336,2021-04-25,0,4,2,2,2,2
337,2021-04-25,1,3,3,2,2,3
338,2021-04-25,1,3,2,2,2,2
339,2021-04-24,0,5,2,2,2,2
340,2021-04-24,1,4,2,2,2,5
341,2021-04-23,0,5,2,2,2,4
342,2021-04-23,1,5,2,3,2,3
343,2021-04-23,1,4,2,2,2,2
344,2021-04-22,0,4,2,2,2,3
345,2021-04-21,1,5,2,3,2,3
346,2021-04-21,0,5,2,2,2,4
347,2021-04-20,1,3,2,2,2,3
348,2021-04-20,1,4,3,3,2,3
349,2021-04-20,1,4,3,3,2,2
350,2021-04-19,1,4,3,2,2,5
351,2021-04-18,0,4,2,2,2,2
352,2021-04-18,0,4,2,2,2,2
353,2021-04-18,0,5,2,2,2,3
354,2021-04-18,1,4,2,3,2,6
355,2021-04-17,1,4,2,2,2,2
356,2021-04-17,1,5,3,3,2,4
357,2021-04-17,1,5,2,3,2,4
358,2021-04-14,0,4,2,3,2,2
359,2021-04-14,1,5,2,3,2,2
360,2021-04-14,0,5,3,3,2,4
361,2021-04-13,1,5,4,4,2,7
362,2021-04-13,1,5,2,2,2,3
363,2021-04-12,1,3,2,2,2,3
364,2021-04-11,1,5,2,2,2,5
365,2021-04-11,1,4,2,4,2,4
366,2021-04-10,0,5,3,2,2,3
367,2021-04-09,1,4,2,3,2,3
368,2021-04-07,1,4,2,2,2,4
369,2021-04-07,1,5,2,2,2,4
370,2021-04-06,0,5,2,2,2,3
371,2021-04-06,0,4,2,2,2,2
372,2021-04-06,1,3,2,2,2,4
373,2021-04-06,1,4,2,3,2,7
374,2021-04-05,1,6,3,3,2,5
375,2021-04-04,1,4,2,2,2,4
376,2021-04-03,0,3,3,2,2,2
377,2021-10-03,0,4,1,1,1,2
378,2021-10-03,0,1,1,1,1,1
379,2021-10-03,1,3,2,3,1,4
380,2021-10-03,1,4,2,2,1,2
381,2021-10-03,1,3,2,2,1,2
382,2021-10-03,1,4,1,1,1,2
383,2021-10-03,1,4,1,1,1,1
384,2021-10-03,1,3,1,1,1,1
385,2021-10-03,0,4,1,1,1,1
386,2021-10-03,0,3,1,1,1,2
387,2021-10-03,1,2,1,1,1,1
388,2021-10-03,0,2,1,1,1,2
389,2021-10-03,1,4,2,2,1,1
390,2021-10-03,1,3,1,1,1,1
391,2021-10-03,0,4,1,1,1,1
392,2021-10-03,0,3,1,1,1,1
393,2021-10-03,1,2,2,1,1,2
394,2021-10-03,1,3,2,1,1,2
395,2021-10-03,1,5,1,1,1,3
396,2021-10-03,1,3,1,1,1,3
397,2021-10-03,1,3,3,2,1,2
398,2021-10-03,1,4,1,1,1,3
399,2021-10-03,0,2,1,1,1,1
400,2021-10-03,1,3,2,1,1,1
401,2021-10-03,1,5,2,2,1,1
402,2021-10-03,1,4,1,2,1,2
403,2021-10-03,1,3,1,1,1,4
404,2021-10-03,1,5,1,2,1,1
405,2021-10-02,1,4,1,1,1,2
406,2021-10-02,1,4,2,2,1,3
407,2021-10-02,1,3,1,1,1,2
408,2021-10-02,1,5,2,3,1,1
409,2021-10-02,1,5,2,4,1,3
410,2021-10-02,0,4,1,2,1,2
411,2021-10-02,0,4,1,2,1,2
412,2021-10-02,1,4,1,3,1,4
413,2021-10-02,0,4,1,3,1,3
414,2021-10-02,0,3,1,1,1,1
415,2021-10-02,1,4,1,2,1,1
416,2021-10-02,0,2,1,1,1,1
417,2021-10-02,0,1,1,1,1,1
418,2021-10-02,1,5,1,2,1,1
419,2021-10-02,0,4,1,1,1,1
420,2021-10-02,1,4,2,3,1,3
421,2021-10-02,1,5,1,1,1,3
422,2021-10-02,1,5,1,1,1,1
423,2021-10-02,0,4,1,1,1,2
424,2021-10-02,1,3,1,1,1,1
425,2021-10-02,1,4,1,2,1,1
426,2021-10-02,1,4,1,1,1,3
427,2021-10-02,0,4,2,2,1,2
428,2021-10-02,1,3,1,1,1,2
429,2021-10-02,0,2,2,1,1,1
430,2021-10-02,1,4,1,1,1,3
431,2021-10-02,0,5,2,1,1,1
432,2021-10-02,1,5,1,2,1,2
433,2021-10-02,1,5,1,4,1,5
434,2021-10-02,1,3,2,1,1,2
435,2021-10-02,0,4,1,1,1,1
436,2021-10-02,1,4,2,2,1,2
437,2021-10-02,1,5,1,1,1,1
438,2021-10-02,1,3,2,1,1,1
439,2021-10-02,1,2,1,1,1,3
440,2021-10-02,1,4,1,2,1,2
441,2021-10-02,1,4,1,1,1,1
442,2021-10-02,1,4,2,2,1,1
443,2021-10-01,0,4,1,1,1,1
444,2021-10-01,0,5,1,2,1,1
445,2021-10-01,1,5,1,3,1,2
446,2021-10-01,1,4,2,1,1,1
447,2021-10-01,1,3,1,1,1,3
448,2021-10-01,1,4,2,2,1,3
449,2021-10-01,0,4,2,2,1,1
450,2021-10-01,1,4,1,2,1,1
451,2021-10-01,1,5,2,3,1,2
452,2021-10-01,1,5,1,1,1,2
453,2021-10-01,0,4,1,1,1,1
454,2021-10-01,0,4,1,2,1,1
455,2021-10-01,0,4,1,1,1,1
456,2021-10-01,0,3,2,3,1,1
457,2021-10-01,1,1,1,1,1,1
458,2021-10-01,0,4,1,1,1,2
459,2021-10-01,1,5,2,2,1,4
460,2021-10-01,0,4,1,1,1,2
461,2021-10-01,1,1,1,1,1,1
462,2021-10-01,1,5,2,1,1,2
463,2021-10-01,0,3,1,1,1,3
464,2021-10-01,0,4,1,2,1,2
465,2021-10-01,0,4,1,2,1,1
466,2021-10-01,1,4,1,1,1,1
467,2021-10-01,1,4,1,1,1,3
468,2021-10-01,0,2,1,1,1,3
469,2021-10-01,0,4,1,3,1,3
470,2021-10-01,1,5,1,1,1,1
471,2021-10-01,1,4,1,1,1,1
472,2021-10-01,1,5,1,1,1,1
473,2021-10-01,1,4,1,2,1,4
474,2021-10-01,0,4,2,2,1,1
475,2021-10-01,1,1,1,1,1,1
476,2021-09-30,1,4,1,1,1,1
477,2021-09-30,1,4,1,3,1,3
478,2021-09-30,0,4,1,2,1,2
479,2021-09-30,1,3,1,1,1,3
480,2021-09-30,1,4,1,1,1,1
481,2021-09-30,0,4,1,2,1,1
482,2021-09-30,0,3,1,2,1,2
483,2021-09-30,1,4,2,2,1,1
484,2021-09-30,1,4,1,1,1,4
485,2021-09-30,0,3,1,1,1,2
486,2021-09-30,1,3,1,1,1,3
487,2021-09-30,0,4,1,1,1,3
488,2021-09-30,1,4,1,1,1,1
489,2021-09-30,1,4,1,2,1,2
490,2021-09-30,0,4,1,1,1,1
491,2021-09-30,0,4,1,1,1,1
492,2021-09-30,1,4,1,2,1,2
493,2021-09-30,1,4,1,1,1,1
494,2021-09-30,1,4,2,2,1,3
495,2021-09-30,1,2,1,1,1,2
496,2021-09-30,1,4,1,1,1,1
497,2021-09-30,1,3,2,2,1,1
498,2021-09-30,0,4,1,1,1,1
499,2021-09-30,0,3,1,1,1,1
500,2021-09-30,0,4,1,1,1,2
501,2021-09-30,1,4,1,1,1,2
502,2021-09-30,1,4,3,3,1,2
503,2021-09-29,1,5,2,3,1,3
504,2021-09-29,1,4,1,1,1,2
505,2021-09-29,1,3,1,2,1,3
506,2021-09-29,1,5,1,1,1,1
507,2021-09-29,1,4,1,2,1,2
508,2021-09-29,1,2,1,1,1,3
509,2021-09-29,1,4,1,1,1,1
510,2021-09-29,1,3,1,1,1,3
511,2021-09-29,1,4,1,1,1,1
512,2021-09-29,1,4,2,1,1,4
513,2021-09-29,1,3,2,2,1,2
514,2021-09-29,0,4,1,1,1,1
515,2021-09-29,1,5,2,2,1,2
516,2021-09-29,0,4,2,2,1,2
517,2021-09-29,1,4,2,3,1,3
518,2021-09-29,1,3,1,1,1,3
519,2021-09-29,0,4,1,1,1,1
520,2021-09-29,1,4,1,1,1,1
521,2021-09-29,0,4,3,3,1,1
522,2021-09-29,0,4,1,1,1,1
523,2021-09-29,1,2,1,1,1,1
524,2021-09-29,1,4,2,1,1,1
525,2021-09-28,0,4,1,1,1,1
526,2021-09-28,1,4,1,2,1,3
527,2021-09-28,0,3,1,1,1,2
528,2021-09-28,0,3,1,1,1,2
529,2021-09-28,1,3,1,1,1,1
530,2021-09-28,1,1,1,1,1,1
531,2021-09-28,1,4,1,1,1,1
532,2021-09-28,0,2,1,1,1,1
533,2021-09-28,1,3,1,2,1,2
534,2021-09-28,0,4,1,2,1,1
535,2021-09-28,1,5,1,2,1,3
536,2021-09-28,0,3,1,1,1,2
537,2021-09-28,1,4,1,2,1,1
538,2021-09-28,0,3,1,1,1,1
539,2021-09-28,0,3,1,2,1,2
540,2021-09-28,1,4,2,2,1,1
541,2021-09-28,1,3,3,2,1,1
542,2021-09-28,0,4,1,1,1,1
543,2021-09-28,1,3,1,1,1,2
544,2021-09-28,1,3,1,1,1,2
545,2021-09-28,0,4,1,1,1,1
546,2021-09-28,0,3,1,1,1,1
547,2021-09-28,1,4,1,1,1,1
548,2021-09-28,1,4,1,1,1,1
549,2021-09-28,1,4,1,1,1,1
550,2021-09-28,1,3,2,1,1,1
551,2021-09-28,1,2,2,2,1,4
552,2021-09-28,1,4,1,1,1,2
553,2021-09-28,0,2,2,2,1,1
554,2021-09-28,1,2,2,2,1,2
555,2021-09-27,1,3,3,2,1,1
556,2021-09-27,0,4,1,2,1,2
557,2021-09-27,1,5,2,4,1,3
558,2021-09-27,1,4,2,3,1,1
559,2021-09-27,1,4,2,2,1,1
560,2021-09-27,1,5,4,4,1,2
561,2021-09-27,1,4,2,3,1,2
562,2021-09-27,1,2,1,1,1,5
563,2021-09-27,0,4,1,1,1,3
564,2021-09-26,0,4,1,2,1,1
565,2021-09-26,0,3,1,1,1,1
566,2021-09-26,1,4,1,1,1,1
567,2021-09-26,1,5,1,1,1,4
568,2021-09-26,1,4,2,1,1,1
569,2021-09-26,0,4,2,2,1,1
570,2021-09-26,1,4,3,2,1,3
571,2021-09-26,1,4,1,3,1,1
572,2021-09-26,1,4,1,2,1,2
573,2021-09-26,1,5,2,3,1,3
574,2021-09-26,0,4,1,1,1,1
575,2021-09-26,0,4,1,1,1,2
576,2021-09-26,0,2,1,1,1,2
577,2021-09-26,0,4,1,2,1,1
578,2021-09-26,1,3,2,2,1,1
579,2021-09-26,1,4,1,2,1,1
580,2021-09-26,1,4,1,2,1,1
581,2021-09-26,0,4,1,1,1,1
582,2021-09-26,1,3,2,2,1,1
583,2021-09-26,1,4,2,2,1,2
584,2021-09-26,1,4,1,1,1,3
585,2021-09-26,0,4,1,1,1,1
586,2021-09-26,1,3,1,1,1,1
587,2021-09-26,1,5,1,1,1,4
588,2021-09-25,0,5,1,1,1,1
589,2021-09-25,1,3,1,1,1,1
590,2021-09-25,1,4,2,2,1,1
591,2021-09-25,1,3,1,2,1,2
592,2021-09-25,0,4,1,2,1,3
593,2021-09-25,1,3,1,1,1,1
594,2021-09-25,0,5,2,3,1,1
595,2021-09-25,0,4,1,1,1,1
596,2021-09-25,1,3,1,2,1,1
597,2021-09-25,1,5,1,2,1,1
598,2021-09-25,1,4,1,1,1,2
599,2021-09-25,1,3,1,2,1,4
600,2021-09-25,1,5,2,3,1,4
601,2021-09-25,1,4,2,2,1,2
602,2021-09-25,0,2,1,2,1,1
603,2021-09-25,1,4,2,2,1,3
604,2021-09-25,1,4,2,2,1,1
605,2021-09-25,0,5,1,2,1,1
606,2021-09-25,0,3,1,3,1,1
607,2021-09-25,0,4,1,1,1,1
608,2021-09-25,0,4,2,1,1,1
609,2021-09-25,1,4,3,4,1,2
610,2021-09-25,0,4,1,1,1,1
611,2021-09-25,1,3,1,1,1,3
612,2021-09-25,1,3,2,2,1,3
613,2021-09-25,1,4,1,1,1,1
614,2021-09-25,1,4,1,1,1,1
615,2021-09-25,0,4,1,2,1,1
616,2021-09-25,0,5,1,1,1,4
617,2021-09-25,1,5,2,3,1,1
618,2021-09-24,1,5,2,2,1,3
619,2021-09-24,0,4,1,1,1,2
620,2021-09-24,1,4,2,2,1,1
621,2021-09-24,1,4,2,3,1,2
622,2021-09-24,0,1,1,1,1,2
623,2021-09-24,1,4,1,1,1,2
624,2021-09-24,1,4,1,2,1,3
625,2021-09-24,1,1,1,1,1,2
626,2021-09-24,1,3,1,1,1,1
627,2021-09-24,0,5,1,3,1,2
628,2021-09-24,1,2,2,1,1,1
629,2021-09-24,1,3,1,1,1,3
630,2021-09-24,1,3,2,2,1,1
631,2021-09-24,1,3,1,1,1,2
632,2021-09-24,0,4,1,2,1,1
633,2021-09-24,1,5,1,3,1,4
634,2021-09-24,0,4,1,2,1,3
635,2021-09-24,1,5,1,2,1,2
636,2021-09-24,1,4,1,1,1,2
637,2021-09-24,1,5,1,3,1,2
638,2021-09-24,1,2,1,1,1,4
639,2021-09-24,1,4,1,1,1,2
640,2021-09-24,0,3,1,1,1,3
641,2021-09-24,1,3,1,1,1,1
642,2021-09-24,1,5,1,3,1,1
643,2021-09-24,1,4,2,2,1,2
644,2021-09-24,1,4,1,1,1,2
645,2021-09-24,0,3,2,1,1,1
646,2021-09-24,1,5,1,2,1,1
647,2021-09-24,1,3,1,1,1,2
648,2021-09-24,1,1,1,1,1,1
649,2021-09-24,1,3,2,3,1,1
650,2021-09-24,0,4,1,1,1,1
651,2021-09-24,1,5,1,2,1,2
652,2021-09-24,1,2,1,1,1,1
653,2021-09-24,0,6,2,2,1,2
654,2021-09-24,1,4,1,2,1,3
655,2021-09-24,0,4,1,1,1,3
656,2021-09-24,0,1,1,1,1,2
657,2021-09-24,1,3,2,2,1,3
658,2021-09-23,1,4,1,1,1,2
659,2021-09-23,0,3,1,1,1,1
660,2021-09-23,1,4,1,1,1,1
661,2021-09-23,1,3,1,2,1,2
662,2021-09-23,0,2,1,1,1,1
663,2021-09-23,0,1,1,1,1,1
664,2021-09-23,0,4,1,1,1,3
665,2021-09-23,1,4,1,2,1,1
666,2021-09-23,0,4,2,2,1,1
667,2021-09-23,1,4,1,3,1,4
668,2021-09-23,1,3,1,1,1,1
669,2021-09-23,1,3,1,1,1,2
670,2021-09-23,1,4,1,1,1,1
671,2021-09-23,0,4,2,2,1,1
672,2021-09-23,1,4,1,2,1,1
673,2021-09-23,1,5,1,1,1,2
674,2021-09-23,0,4,1,2,1,1
675,2021-09-23,0,3,2,1,1,1
676,2021-09-23,1,3,1,2,1,3
677,2021-09-23,1,4,1,2,1,2
678,2021-09-23,0,4,1,1,1,2
679,2021-09-23,0,1,1,1,1,3
680,2021-09-23,1,1,1,1,1,2
681,2021-09-23,1,1,1,1,1,3
682,2021-09-23,0,5,1,1,1,2
683,2021-09-23,1,4,1,2,1,2
684,2021-09-23,1,3,2,3,1,4
685,2021-09-23,0,4,1,1,1,2
686,2021-09-22,0,3,1,1,1,2
687,2021-09-22,1,4,2,2,1,1
688,2021-09-22,1,5,1,3,1,1
689,2021-09-22,0,4,1,2,1,1
690,2021-09-22,1,5,2,2,1,1
691,2021-09-22,1,1,1,1,1,2
692,2021-09-22,1,3,2,3,1,3
693,2021-09-22,0,5,1,2,1,1
694,2021-09-22,1,4,4,3,1,2
695,2021-09-22,1,4,1,1,1,3
696,2021-09-22,1,5,1,2,1,2
697,2021-09-22,0,1,1,1,1,2
698,2021-09-22,1,4,2,2,1,1
699,2021-09-22,1,5,3,3,1,2
700,2021-09-22,0,3,1,1,1,1
701,2021-09-22,1,5,1,2,1,1
702,2021-09-22,1,5,1,1,1,1
703,2021-09-22,1,4,2,3,1,3
704,2021-09-22,1,4,1,1,1,3
705,2021-09-22,0,5,1,1,1,1
706,2021-09-22,0,2,1,1,1,1
707,2021-09-22,1,5,2,2,1,3
708,2021-09-22,0,3,1,1,1,1
709,2021-09-22,1,4,1,1,1,2
710,2021-09-22,1,4,1,1,1,3
711,2021-09-21,0,3,1,1,1,1
712,2021-09-21,0,4,1,2,1,1
713,2021-09-21,1,2,2,1,1,1
714,2021-09-21,0,3,1,2,1,1
715,2021-09-21,1,5,1,1,1,1
716,2021-09-21,1,4,1,2,1,3
717,2021-09-21,0,4,2,2,1,1
718,2021-09-21,0,3,1,1,1,1
719,2021-09-21,1,4,1,1,1,1
720,2021-09-21,1,4,2,1,1,1
721,2021-09-21,1,4,2,2,1,1
722,2021-09-21,1,5,1,3,1,2
723,2021-09-21,0,4,1,2,1,3
724,2021-09-21,0,4,1,2,1,1
725,2021-09-21,1,5,1,2,1,3
726,2021-09-21,0,4,1,1,1,1
727,2021-09-21,1,3,2,1,1,1
728,2021-09-21,0,5,1,1,1,1
729,2021-09-21,1,4,1,1,1,2
730,2021-09-21,1,4,1,1,1,3
731,2021-09-21,0,4,1,1,1,1
732,2021-09-21,1,4,1,1,1,1
733,2021-09-21,1,4,1,1,1,2
734,2021-09-21,1,3,1,2,1,1
735,2021-09-21,0,3,1,2,1,2
736,2021-09-21,1,4,1,1,1,2
737,2021-09-21,0,3,1,1,1,1
738,2021-09-21,1,5,2,2,1,2
739,2021-09-21,1,3,1,2,1,4
740,2021-09-21,1,5,1,3,1,2
741,2021-09-20,0,3,1,1,1,1
742,2021-09-20,0,2,1,1,1,1
743,2021-09-20,1,3,1,2,1,3
744,2021-09-20,1,3,1,1,1,2
745,2021-09-20,1,4,1,2,1,2
746,2021-09-20,0,1,1,1,1,1
747,2021-09-20,1,5,1,2,1,3
748,2021-09-20,1,3,2,2,1,2
749,2021-09-20,0,4,1,1,1,1
750,2021-09-20,1,4,2,3,1,3
751,2021-09-20,1,5,1,1,1,2
752,2021-09-20,0,3,1,1,1,1
753,2021-09-20,0,3,1,1,1,1
754,2021-09-20,1,5,2,2,1,5
755,2021-09-20,0,4,1,1,1,1
756,2021-09-20,1,5,2,2,1,1
757,2021-09-20,1,5,1,2,1,1
758,2021-09-20,0,3,1,1,1,1
759,2021-09-20,0,5,2,2,1,1
760,2021-09-20,0,4,2,2,1,2
761,2021-09-20,1,3,2,1,1,1
762,2021-09-20,0,3,1,1,1,2
763,2021-09-20,0,4,1,1,1,2
764,2021-09-20,1,5,1,1,1,1
765,2021-09-20,1,4,2,2,1,1
766,2021-09-20,1,3,1,1,1,1
767,2021-09-20,1,4,1,2,1,2
768,2021-09-19,0,3,1,1,1,1
769,2021-09-19,1,4,1,4,1,1
770,2021-09-19,1,4,4,4,1,3
771,2021-09-19,0,3,1,2,1,1
772,2021-09-19,1,5,1,1,1,3
773,2021-09-19,0,1,1,1,1,1
774,2021-09-19,1,3,1,1,1,1
775,2021-09-19,1,2,1,1,1,2
776,2021-09-19,0,4,1,1,1,1
777,2021-09-19,1,4,1,1,1,1
778,2021-09-19,1,4,1,1,1,1
779,2021-09-19,0,4,2,2,1,3
780,2021-09-19,1,3,1,2,1,3
781,2021-09-19,1,5,1,1,1,1
782,2021-09-19,1,4,1,1,1,2
783,2021-09-19,1,4,1,2,1,1
784,2021-09-19,1,4,3,2,1,3
785,2021-09-19,1,4,1,3,1,3
786,2021-09-19,1,4,1,1,1,1
787,2021-09-19,0,3,1,1,1,2
788,2021-09-19,1,5,1,2,1,2
789,2021-09-19,1,4,1,1,1,1
790,2021-09-19,1,3,2,2,1,1
791,2021-09-19,1,4,2,3,1,3
792,2021-09-19,1,3,1,1,1,1
793,2021-09-19,1,4,1,1,1,1
794,2021-09-19,1,4,2,2,1,2
795,2021-09-19,1,4,1,1,1,2
796,2021-09-19,0,2,2,2,1,1
797,2021-09-19,1,4,1,1,1,1
798,2021-09-19,1,4,1,1,1,1
799,2021-09-19,1,4,1,1,1,1
800,2021-09-18,1,4,1,1,1,1
801,2021-09-18,1,5,1,2,1,3
802,2021-09-18,0,2,1,1,1,1
803,2021-09-18,0,5,1,3,1,2
804,2021-09-18,1,5,1,1,1,1
805,2021-09-18,0,3,1,2,1,2
806,2021-09-18,1,4,1,1,1,3
807,2021-09-18,0,3,1,1,1,2
808,2021-09-18,1,5,2,2,1,3
809,2021-09-18,0,4,1,1,1,2
810,2021-09-18,1,5,2,3,1,4
811,2021-09-18,1,3,1,1,1,3
812,2021-09-18,0,5,1,1,1,2
813,2021-09-18,1,5,1,1,1,1
814,2021-09-18,0,2,1,1,1,2
815,2021-09-18,1,3,3,2,1,1
816,2021-09-18,1,5,2,3,1,3
817,2021-09-18,1,5,2,3,1,2
818,2021-09-18,0,4,1,1,1,1
819,2021-09-18,1,5,1,1,1,3
820,2021-09-18,0,4,1,1,1,1
821,2021-09-18,1,5,2,2,1,2
822,2021-09-18,1,4,1,1,1,1
823,2021-09-18,1,4,1,2,1,2
824,2021-09-18,0,2,1,2,1,2
825,2021-09-18,0,4,2,2,1,1
826,2021-09-18,0,4,1,2,1,2
827,2021-09-18,1,3,1,1,1,1
828,2021-09-18,1,4,1,1,1,2
829,2021-09-17,1,3,1,1,1,2
830,2021-09-17,1,4,1,2,1,1
831,2021-09-17,1,4,1,2,1,1
832,2021-09-17,0,5,1,1,1,1
833,2021-09-17,1,3,1,1,1,1
834,2021-09-17,0,4,1,1,1,3
835,2021-09-17,1,5,2,2,1,1
836,2021-09-17,0,3,1,1,1,1
837,2021-09-17,1,4,1,1,1,2
838,2021-09-17,1,3,1,1,1,2
839,2021-09-17,1,4,1,1,1,1
840,2021-09-17,1,5,1,2,1,1
841,2021-09-17,0,4,1,1,1,1
842,2021-09-17,0,3,1,1,1,1
843,2021-09-17,1,4,2,2,1,2
844,2021-09-17,1,3,1,1,1,3
845,2021-09-17,0,4,1,1,1,1
846,2021-09-17,0,5,2,2,1,3
847,2021-09-17,1,4,2,1,1,1
848,2021-09-17,0,5,1,2,1,1
849,2021-09-17,1,2,1,1,1,1
850,2021-09-17,1,4,1,1,1,1
851,2021-09-17,0,4,1,2,1,1
852,2021-09-17,1,4,2,2,1,3
853,2021-09-17,1,4,1,2,1,2
854,2021-09-17,1,5,1,1,1,3
855,2021-09-17,1,5,1,3,1,2
856,2021-09-17,1,1,1,1,1,1
857,2021-09-16,1,3,1,2,1,1
858,2021-09-16,1,3,2,1,1,2
859,2021-09-16,1,4,1,1,1,2
860,2021-09-16,0,4,1,2,1,2
861,2021-09-16,1,4,1,2,1,2
862,2021-09-16,0,4,2,2,1,2
863,2021-09-16,1,4,2,2,1,3
864,2021-09-16,0,4,1,1,1,1
865,2021-09-16,1,5,1,1,1,1
866,2021-09-16,1,1,1,1,1,2
867,2021-09-16,0,4,1,2,1,1
868,2021-09-16,1,4,3,3,1,4
869,2021-09-16,1,4,1,2,1,1
870,2021-09-16,0,4,1,1,1,3
871,2021-09-16,0,3,1,2,1,1
872,2021-09-16,0,4,1,1,1,1
873,2021-09-15,1,4,1,3,1,2
874,2021-09-15,1,2,1,1,1,2
875,2021-09-15,1,5,3,3,1,2
876,2021-09-15,1,3,1,1,1,1
877,2021-09-15,0,5,2,3,1,1
878,2021-09-15,0,4,1,1,1,1
879,2021-09-15,0,1,1,1,1,1
880,2021-09-15,0,4,1,1,1,1
881,2021-09-15,1,3,3,1,1,2
882,2021-09-15,1,4,1,2,1,3
883,2021-09-15,0,2,1,1,1,1
884,2021-09-15,1,4,1,2,1,2
885,2021-09-15,1,5,1,2,1,3
886,2021-09-15,0,4,1,1,1,2
887,2021-09-15,0,5,1,3,1,1
888,2021-09-15,0,5,2,2,1,1
889,2021-09-15,1,3,1,2,1,5
890,2021-09-15,0,5,1,1,1,1
891,2021-09-15,0,3,1,2,1,2
892,2021-09-15,1,4,1,3,1,2
893,2021-09-15,1,4,2,1,1,1
894,2021-09-15,1,5,2,3,1,2
895,2021-09-15,1,4,2,2,1,1
896,2021-09-15,0,3,1,2,1,1
897,2021-09-15,0,4,1,2,1,3
898,2021-09-15,0,5,1,2,1,2
899,2021-09-15,0,4,2,2,1,1
900,2021-09-15,0,3,1,1,1,2
901,2021-09-15,0,4,1,2,1,1
902,2021-09-15,1,6,2,2,1,2
903,2021-09-15,1,4,3,3,1,1
904,2021-09-15,1,4,1,1,1,2
905,2021-09-15,0,4,1,1,1,1
906,2021-09-15,1,5,2,2,1,2
907,2021-09-15,1,5,1,2,1,1
908,2021-09-15,1,4,2,3,1,1
909,2021-09-15,1,3,1,1,1,3
910,2021-09-15,1,4,1,2,1,2
911,2021-09-15,0,4,1,2,1,1
912,2021-09-14,1,3,2,3,1,4
913,2021-09-14,1,2,2,1,1,1
914,2021-09-14,1,4,1,2,1,2
915,2021-09-14,1,5,1,1,1,1
916,2021-09-14,1,5,1,1,1,1
917,2021-09-14,0,3,1,1,1,2
918,2021-09-14,1,3,3,2,1,1
919,2021-09-14,1,5,1,1,1,2
920,2021-09-14,1,3,1,2,1,2
921,2021-09-14,1,3,1,1,1,1
922,2021-09-14,1,3,1,1,1,2
923,2021-09-14,1,4,1,1,1,1
924,2021-09-14,1,3,2,2,1,2
925,2021-09-14,1,4,1,2,1,2
926,2021-09-14,1,4,2,3,1,4
927,2021-09-14,1,5,2,2,1,4
928,2021-09-14,1,4,1,1,1,3
929,2021-09-14,1,5,2,3,1,1
930,2021-09-14,1,3,3,2,1,2
931,2021-09-14,1,5,2,2,1,1
932,2021-09-14,1,4,1,1,1,1
933,2021-09-14,1,2,2,1,1,2
934,2021-09-14,1,5,2,2,1,3
935,2021-09-14,0,4,1,3,1,3
936,2021-09-14,1,5,1,2,1,2
937,2021-09-14,1,4,1,1,1,2
938,2021-09-14,0,5,1,1,1,1
939,2021-09-14,1,3,1,1,1,1
940,2021-09-14,0,2,1,2,1,2
941,2021-09-14,1,3,1,2,1,1
942,2021-09-14,1,4,3,3,1,2
943,2021-09-14,0,4,1,1,1,1
944,2021-09-14,1,4,1,1,1,1
945,2021-09-14,0,4,1,1,1,2
946,2021-09-14,1,4,1,1,1,1
947,2021-09-14,1,4,2,3,1,2
948,2021-09-14,0,4,2,1,1,1
949,2021-09-13,1,4,2,2,1,2
950,2021-09-13,0,3,1,2,1,2
951,2021-09-13,1,5,1,1,1,1
952,2021-09-13,1,4,1,4,1,3
953,2021-09-13,1,4,1,2,1,1
954,2021-09-13,0,4,1,1,1,1
955,2021-09-13,1,3,1,1,1,3
956,2021-09-13,1,3,1,1,1,1
957,2021-09-13,1,4,1,2,1,4
958,2021-09-13,0,4,1,1,1,1
959,2021-09-13,0,5,1,1,1,2
960,2021-09-13,1,4,1,1,1,1
961,2021-09-13,0,5,1,3,1,2
962,2021-09-13,1,4,1,2,1,3
963,2021-09-13,0,4,1,2,1,1
964,2021-09-13,1,3,1,2,1,2
965,2021-09-13,0,4,1,2,1,1
966,2021-09-13,1,4,1,1,1,2
967,2021-09-13,1,5,1,1,1,1
968,2021-09-12,1,4,2,2,1,2
969,2021-09-12,1,4,1,2,1,1
970,2021-09-12,1,3,1,1,1,2
971,2021-09-12,1,4,1,1,1,1
972,2021-09-12,0,4,2,1,1,1
973,2021-09-12,0,3,1,1,1,2
974,2021-09-12,1,3,1,1,1,1
975,2021-09-12,0,2,1,1,1,1
976,2021-09-12,0,5,1,2,1,1
977,2021-09-12,0,2,1,1,1,1
978,2021-09-12,1,5,2,1,1,1
979,2021-09-12,0,4,1,1,1,2
980,2021-09-12,1,4,1,1,1,1
981,2021-09-12,1,3,2,3,1,3
982,2021-09-12,1,4,1,1,1,1
983,2021-09-12,0,3,1,1,1,1
984,2021-09-12,1,3,1,1,1,1
985,2021-09-12,1,4,1,1,1,1
986,2021-09-12,0,3,1,1,1,1
987,2021-09-12,1,3,4,2,1,5
988,2021-09-12,1,3,3,1,1,1
989,2021-09-12,0,3,1,1,1,1
990,2021-09-12,0,5,1,2,1,1
991,2021-09-12,1,2,1,1,1,2
992,2021-09-12,1,5,1,1,1,3
993,2021-09-12,0,3,1,1,1,2
994,2021-09-12,1,5,2,3,1,3
995,2021-09-12,1,5,1,1,1,3
996,2021-09-12,0,4,1,1,1,2
997,2021-09-12,0,5,1,2,1,3
998,2021-09-12,1,4,1,1,1,2
999,2021-09-12,0,4,1,3,1,2
1000,2021-09-12,0,3,2,1,1,1
1001,2021-09-12,1,4,1,1,1,1
1002,2021-09-12,0,4,1,2,1,3
1003,2021-09-11,1,4,1,1,1,3
1004,2021-09-11,1,3,1,1,1,2
1005,2021-09-11,0,4,1,1,1,1
1006,2021-09-11,1,4,2,2,1,2
1007,2021-09-11,1,4,2,2,1,3
1008,2021-09-11,1,4,1,1,1,2
1009,2021-09-11,1,4,1,1,1,1
1010,2021-09-11,1,3,1,2,1,3
1011,2021-09-11,0,5,1,1,1,1
1012,2021-09-11,0,4,3,3,1,2
1013,2021-09-11,1,5,1,2,1,2
1014,2021-09-11,1,5,2,2,1,1
1015,2021-09-11,1,5,1,2,1,4
1016,2021-09-11,0,4,1,1,1,1
1017,2021-09-11,1,4,2,2,1,1
1018,2021-09-11,1,4,1,3,1,4
1019,2021-09-11,0,4,1,3,1,3
1020,2021-09-11,1,5,1,1,1,1
1021,2021-09-11,1,5,2,2,1,2
1022,2021-09-11,0,1,1,1,1,1
1023,2021-09-11,1,4,1,1,1,3
1024,2021-09-11,1,3,2,2,1,3
1025,2021-09-11,1,5,1,1,1,1
1026,2021-09-11,1,1,1,1,1,1
1027,2021-09-11,0,4,1,1,1,1
1028,2021-09-11,1,3,2,2,1,1
1029,2021-09-11,0,4,2,2,1,3
1030,2021-09-11,0,4,1,1,1,1
1031,2021-09-11,0,4,1,1,1,1
1032,2021-09-11,1,6,3,3,1,5
1033,2021-09-11,0,4,1,1,1,1
1034,2021-09-11,0,4,1,1,1,2
1035,2021-09-11,1,3,2,1,1,1
1036,2021-09-11,1,3,1,2,1,2
1037,2021-09-11,1,4,1,1,1,2
1038,2021-09-11,0,4,1,2,1,2
1039,2021-09-11,1,5,2,2,1,2
1040,2021-09-11,1,3,1,1,1,1
1041,2021-09-11,0,4,3,3,1,1
1042,2021-09-11,1,5,1,1,1,1
1043,2021-09-11,0,5,2,1,1,2
1044,2021-09-11,1,4,2,2,1,3
1045,2021-09-11,1,3,1,2,1,4
1046,2021-09-11,1,3,1,2,1,1
1047,2021-09-11,1,4,1,3,1,2
1048,2021-09-11,0,4,1,1,1,2
1049,2021-09-11,0,3,1,1,1,2
1050,2021-09-11,1,4,2,2,1,3
1051,2021-09-11,0,4,3,2,1,1
1052,2021-09-11,1,5,2,2,1,1
1053,2021-09-11,1,3,2,1,1,1
1054,2021-09-10,1,4,1,1,1,3
1055,2021-09-10,1,4,2,2,1,1
1056,2021-09-10,1,4,1,1,1,1
1057,2021-09-10,1,5,2,2,1,2
1058,2021-09-10,0,4,2,2,1,1
1059,2021-09-10,0,1,1,1,1,1
1060,2021-09-10,0,2,1,1,1,1
1061,2021-09-10,1,3,2,2,1,2
1062,2021-09-10,0,5,1,1,1,1
1063,2021-09-10,1,5,1,1,1,4
1064,2021-09-10,1,3,2,1,1,1
1065,2021-09-10,1,3,1,1,1,3
1066,2021-09-10,1,2,1,1,1,2
1067,2021-09-10,0,4,1,2,1,2
1068,2021-09-10,0,1,1,1,1,1
1069,2021-09-10,1,4,2,2,1,1
1070,2021-09-10,1,4,1,1,1,2
1071,2021-09-10,0,3,1,1,1,2
1072,2021-09-10,1,4,2,1,1,1
1073,2021-09-10,1,3,1,2,1,1
1074,2021-09-10,1,3,1,1,1,3
1075,2021-09-10,1,5,1,2,1,4
1076,2021-09-10,0,3,1,2,1,1
1077,2021-09-10,1,4,2,2,1,3
1078,2021-09-10,1,3,1,1,1,1
1079,2021-09-10,0,3,2,2,1,1
1080,2021-09-10,0,4,1,1,1,2
1081,2021-09-10,1,1,1,1,1,3
1082,2021-09-10,0,4,1,1,1,1
1083,2021-09-10,0,4,1,1,1,1
1084,2021-09-10,0,4,1,1,1,1
1085,2021-09-10,1,3,2,1,1,1
1086,2021-09-10,1,4,2,1,1,4
1087,2021-09-10,0,4,1,1,1,3
1088,2021-09-09,1,4,2,2,1,2
1089,2021-09-09,1,5,1,1,1,1
1090,2021-09-09,1,5,1,2,1,1
1091,2021-09-09,1,5,1,1,1,1
1092,2021-09-09,1,5,2,2,1,1
1093,2021-09-09,0,5,2,2,1,1
1094,2021-09-09,0,4,1,2,1,1
1095,2021-09-09,1,3,1,1,1,1
1096,2021-09-09,1,1,1,1,1,2
1097,2021-09-09,1,5,2,3,1,2
1098,2021-09-09,1,4,1,1,1,1
1099,2021-09-09,1,3,1,1,1,1
1100,2021-09-09,1,4,1,1,1,2
1101,2021-09-09,1,5,1,3,1,2
1102,2021-09-09,0,3,2,2,1,1
1103,2021-09-09,1,3,1,1,1,1
1104,2021-09-09,1,3,1,1,1,2
1105,2021-09-09,0,4,1,1,1,2
1106,2021-09-09,0,3,1,1,1,1
1107,2021-09-09,0,2,1,1,1,1
1108,2021-09-09,1,4,1,1,1,1
1109,2021-09-09,0,1,1,1,1,1
1110,2021-09-08,0,4,1,1,1,1
1111,2021-09-08,0,4,1,1,1,1
1112,2021-09-08,1,4,1,1,1,1
1113,2021-09-08,1,4,1,2,1,2
1114,2021-09-08,1,5,1,2,1,1
1115,2021-09-08,1,3,2,2,1,2
1116,2021-09-08,1,5,2,2,1,2
1117,2021-09-08,0,4,2,2,1,1
1118,2021-09-08,1,3,1,1,1,1
1119,2021-09-08,0,4,2,1,1,1
1120,2021-09-08,0,4,1,1,1,1
1121,2021-09-08,0,4,1,1,1,2
1122,2021-09-08,1,5,3,4,1,1
1123,2021-09-08,1,4,1,2,1,1
1124,2021-09-08,1,4,1,1,1,1
1125,2021-09-08,1,3,2,2,1,1
1126,2021-09-08,0,4,2,3,1,1
1127,2021-09-08,0,4,1,1,1,1
1128,2021-09-08,0,1,1,1,1,2
1129,2021-09-08,1,4,1,1,1,3
1130,2021-09-08,0,5,1,1,1,3
1131,2021-09-08,0,4,1,1,1,2
1132,2021-09-08,0,3,1,1,1,2
1133,2021-09-08,0,4,1,1,1,1
1134,2021-09-08,0,5,1,1,1,1
1135,2021-09-08,1,5,1,2,1,2
1136,2021-09-08,1,4,1,1,1,2
1137,2021-09-08,0,5,1,4,1,5
1138,2021-09-08,0,1,1,1,1,1
1139,2021-09-08,1,4,1,1,1,1
1140,2021-09-08,0,4,1,1,1,1
1141,2021-09-08,1,4,1,1,1,3
1142,2021-09-07,0,4,1,1,1,1
1143,2021-09-07,1,3,2,2,1,4
1144,2021-09-07,1,4,2,1,1,1
1145,2021-09-07,1,5,1,1,1,1
1146,2021-09-07,1,5,1,3,1,3
1147,2021-09-07,0,1,1,1,1,1
1148,2021-09-07,1,3,2,1,1,1
1149,2021-09-07,1,5,2,3,1,3
1150,2021-09-07,1,4,2,4,1,1
1151,2021-09-07,1,3,1,1,1,1
1152,2021-09-07,0,4,1,1,1,1
1153,2021-09-07,0,2,1,1,1,1
1154,2021-09-07,0,4,1,1,1,1
1155,2021-09-07,1,3,1,2,1,1
1156,2021-09-07,1,4,1,1,1,2
1157,2021-09-07,1,3,1,1,1,1
1158,2021-09-07,1,4,1,1,1,1
1159,2021-09-07,1,4,2,2,1,3
1160,2021-09-07,1,4,2,2,1,1
1161,2021-09-07,0,4,1,3,1,1
1162,2021-09-07,1,3,1,1,1,3
1163,2021-09-07,0,4,1,2,1,3
1164,2021-09-07,1,3,1,1,1,3
1165,2021-09-07,1,5,1,1,1,2
1166,2021-09-06,1,3,1,1,1,1
1167,2021-09-06,1,5,1,3,1,1
1168,2021-09-06,0,4,1,1,1,1
1169,2021-09-06,1,4,1,1,1,3
1170,2021-09-06,1,4,1,1,1,2
1171,2021-09-06,1,3,2,1,1,1
1172,2021-09-06,1,5,1,2,1,4
1173,2021-09-06,1,5,1,1,1,1
1174,2021-09-06,0,2,1,1,1,1
1175,2021-09-06,1,5,1,1,1,1
1176,2021-09-06,0,4,1,2,1,1
1177,2021-09-06,1,4,1,1,1,2
1178,2021-09-06,1,5,2,2,1,1
1179,2021-09-06,1,4,1,1,1,1
1180,2021-09-06,0,4,1,2,1,2
1181,2021-09-06,0,5,2,1,1,1
1182,2021-09-06,1,6,3,3,1,3
1183,2021-09-06,1,5,2,3,1,4
1184,2021-09-06,1,4,1,1,1,2
1185,2021-09-06,1,4,1,2,1,3
1186,2021-09-06,1,5,2,4,1,1
1187,2021-09-06,1,5,2,2,1,1
1188,2021-09-06,0,4,1,1,1,2
1189,2021-09-06,0,3,1,1,1,2
1190,2021-09-05,1,4,2,4,1,3
1191,2021-09-05,1,2,1,2,1,1
1192,2021-09-05,0,5,3,4,1,4
1193,2021-09-05,1,2,1,1,1,3
1194,2021-09-05,0,5,2,2,1,1
1195,2021-09-05,0,4,2,1,1,1
1196,2021-09-05,1,6,2,2,1,1
1197,2021-09-05,1,1,1,1,1,4
1198,2021-09-05,1,4,2,3,1,4
1199,2021-09-05,1,3,1,1,1,1
1200,2021-09-05,1,3,1,1,1,3
1201,2021-09-05,1,4,1,2,1,4
1202,2021-09-05,0,1,1,1,1,2
1203,2021-09-05,1,4,1,2,1,2
1204,2021-09-05,0,5,2,3,1,3
1205,2021-09-05,1,4,2,3,1,3
1206,2021-09-05,0,4,1,1,1,2
1207,2021-09-05,1,3,2,1,1,1
1208,2021-09-05,0,4,2,2,1,2
1209,2021-09-05,0,4,2,3,1,2
1210,2021-09-05,0,5,1,1,1,2
1211,2021-09-05,1,3,1,1,1,1
1212,2021-09-05,1,5,2,2,1,1
1213,2021-09-05,1,5,1,2,1,1
1214,2021-09-05,0,3,1,1,1,1
1215,2021-09-05,1,4,1,1,1,3
1216,2021-09-05,1,3,2,1,1,2
1217,2021-09-05,1,3,2,2,1,1
1218,2021-09-05,1,3,1,1,1,1
1219,2021-09-05,0,3,1,1,1,2
1220,2021-09-05,1,5,1,1,1,1
1221,2021-09-05,0,4,1,1,1,1
1222,2021-09-05,1,4,3,4,1,2
1223,2021-09-05,0,2,1,1,1,2
1224,2021-09-05,1,4,1,1,1,1
1225,2021-09-04,0,3,1,1,1,2
1226,2021-09-04,1,3,1,1,1,1
1227,2021-09-04,1,3,2,2,1,2
1228,2021-09-04,1,5,2,2,1,1
1229,2021-09-04,1,4,1,1,1,2
1230,2021-09-04,1,4,2,3,1,4
1231,2021-09-04,0,3,2,2,1,3
1232,2021-09-04,0,4,2,3,1,2
1233,2021-09-04,0,1,1,1,1,2
1234,2021-09-04,0,4,1,2,1,1
1235,2021-09-04,1,4,1,1,1,1
1236,2021-09-04,1,4,1,2,1,2
1237,2021-09-04,1,4,1,1,1,2
1238,2021-09-04,1,3,2,2,1,4
1239,2021-09-04,0,4,1,1,1,1
1240,2021-09-04,1,5,3,4,1,1
1241,2021-09-04,0,2,1,1,1,1
1242,2021-09-04,0,3,1,1,1,1
1243,2021-09-04,1,5,1,3,1,2
1244,2021-09-04,1,3,1,1,1,2
1245,2021-09-04,0,3,2,1,1,1
1246,2021-09-04,0,5,2,2,1,1
1247,2021-09-04,1,4,1,1,1,1
1248,2021-09-04,1,4,2,1,1,1
1249,2021-09-04,0,1,1,1,1,1
1250,2021-09-04,1,3,1,1,1,2
1251,2021-09-04,1,2,1,1,1,3
1252,2021-09-04,1,4,3,3,1,1
1253,2021-09-04,0,4,2,2,1,4
1254,2021-09-04,1,3,2,2,1,2
1255,2021-09-04,0,4,1,1,1,2
1256,2021-09-04,1,3,2,1,1,3
1257,2021-09-04,1,4,1,3,1,1
1258,2021-09-04,1,4,1,1,1,3
1259,2021-09-04,1,4,1,2,1,4
1260,2021-09-04,1,5,2,3,1,4
1261,2021-09-04,0,3,1,1,1,3
1262,2021-09-04,1,3,1,3,1,4
1263,2021-09-04,1,3,1,1,1,1
1264,2021-09-04,1,3,1,2,1,1
1265,2021-09-04,1,4,1,1,1,1
1266,2021-09-04,1,4,1,2,1,2
1267,2021-09-04,1,4,1,1,1,1
1268,2021-09-04,0,4,2,1,1,1
1269,2021-09-04,0,4,1,1,1,2
1270,2021-09-04,1,4,2,2,1,2
1271,2021-09-04,1,4,1,2,1,3
1272,2021-09-04,0,5,1,1,1,2
1273,2021-09-04,0,4,1,1,1,1
1274,2021-09-03,0,4,1,1,1,1
1275,2021-09-03,0,4,1,2,1,1
1276,2021-09-03,0,4,1,2,1,2
1277,2021-09-03,1,4,2,1,1,4
1278,2021-09-03,1,5,1,2,1,3
1279,2021-09-03,0,5,1,2,1,3
1280,2021-09-03,1,4,2,1,1,2
1281,2021-09-03,0,4,1,1,1,1
1282,2021-09-03,1,3,1,1,1,2
1283,2021-09-03,1,4,1,1,1,3
1284,2021-09-03,0,4,1,1,1,1
1285,2021-09-03,1,5,4,4,1,2
1286,2021-09-03,0,4,2,1,1,2
1287,2021-09-03,1,4,2,2,1,1
1288,2021-09-03,1,5,1,3,1,3
1289,2021-09-03,1,6,3,4,1,1
1290,2021-09-03,1,5,2,2,1,3
1291,2021-09-03,1,4,1,3,1,2
1292,2021-09-03,1,5,1,1,1,3
1293,2021-09-03,0,5,1,3,1,2
1294,2021-09-03,1,4,1,1,1,3
1295,2021-09-03,1,4,1,2,1,1
1296,2021-09-03,0,4,1,2,1,2
1297,2021-09-03,1,5,1,2,1,2
1298,2021-09-03,0,2,1,1,1,1
1299,2021-09-03,1,4,3,2,1,1
1300,2021-09-03,0,4,1,1,1,1
1301,2021-09-03,1,3,2,2,1,3
1302,2021-09-03,1,3,2,2,1,2
1303,2021-09-03,0,4,1,1,1,2
1304,2021-09-03,1,5,2,3,1,3
1305,2021-09-03,1,3,2,1,1,2
1306,2021-09-03,0,4,1,2,1,1
1307,2021-09-03,1,6,1,1,1,3
1308,2021-09-03,1,4,1,1,1,4
1309,2021-09-03,1,4,1,3,1,2
1310,2021-09-03,0,5,1,1,1,2
1311,2021-09-03,0,4,1,1,1,1
1312,2021-09-02,1,4,1,1,1,3
1313,2021-09-02,1,6,1,3,1,3
1314,2021-09-02,1,4,1,1,1,2
1315,2021-09-02,0,4,1,1,1,2
1316,2021-09-02,0,4,1,2,1,4
1317,2021-09-02,0,5,1,2,1,3
1318,2021-09-02,1,3,2,1,1,1
1319,2021-09-02,0,3,1,1,1,1
1320,2021-09-02,1,5,1,2,1,3
1321,2021-09-02,1,2,1,1,1,3
1322,2021-09-02,1,4,1,1,1,3
1323,2021-09-02,0,4,1,1,1,3
1324,2021-09-02,1,4,1,1,1,1
1325,2021-09-02,0,4,2,2,1,1
1326,2021-09-02,1,4,1,2,1,1
1327,2021-09-02,1,5,2,2,1,1
1328,2021-09-02,0,4,1,3,1,4
1329,2021-09-02,0,5,2,2,1,1
1330,2021-09-01,1,4,2,2,1,1
1331,2021-09-01,0,2,1,1,1,1
1332,2021-09-01,0,2,1,1,1,1
1333,2021-09-01,1,3,1,1,1,3
1334,2021-09-01,1,4,1,3,1,1
1335,2021-09-01,1,4,2,2,1,2
1336,2021-09-01,1,4,1,2,1,3
1337,2021-09-01,1,3,2,2,1,3
1338,2021-09-01,1,4,2,3,1,2
1339,2021-09-01,1,3,1,2,1,2
1340,2021-09-01,1,3,1,2,1,1
1341,2021-09-01,0,4,1,1,1,1
1342,2021-09-01,0,4,1,2,1,2
1343,2021-09-01,0,4,1,3,1,1
1344,2021-09-01,0,4,1,1,1,1
1345,2021-09-01,1,4,1,1,1,3
1346,2021-09-01,1,3,1,1,1,1
1347,2021-09-01,1,3,1,1,1,3
1348,2021-09-01,1,4,1,3,1,2
1349,2021-09-01,1,4,2,2,1,3
1350,2021-09-01,0,4,1,2,1,2
1351,2021-09-01,0,5,2,2,1,1
1352,2021-09-01,0,5,2,2,1,1
1353,2021-09-01,1,4,1,2,1,1
1354,2021-09-01,0,4,1,1,1,2
1355,2021-09-01,1,3,1,2,1,1
1356,2021-08-31,0,4,1,1,1,2
1357,2021-08-31,0,2,1,1,1,1
1358,2021-08-31,1,4,2,2,1,3
1359,2021-08-31,0,4,1,1,1,1
1360,2021-08-31,1,4,1,3,1,2
1361,2021-08-31,1,1,1,1,1,2
1362,2021-08-31,1,4,1,1,1,2
1363,2021-08-31,1,4,1,1,1,2
1364,2021-08-31,0,4,1,2,1,1
1365,2021-08-31,0,4,1,1,1,1
1366,2021-08-31,1,4,1,1,1,1
1367,2021-08-31,0,5,1,3,1,1
1368,2021-08-31,0,3,1,1,1,1
1369,2021-08-31,0,1,1,1,1,1
1370,2021-08-31,0,4,1,1,1,1
1371,2021-08-31,1,2,1,1,1,1
1372,2021-08-31,0,3,1,1,1,1
1373,2021-08-31,1,4,2,2,1,1
1374,2021-08-31,1,4,1,2,1,2
1375,2021-08-31,1,4,1,1,1,2
1376,2021-08-31,0,4,1,2,1,1
1377,2021-08-31,1,3,2,1,1,1
1378,2021-08-31,0,5,1,1,1,1
1379,2021-08-31,1,2,2,1,1,1
1380,2021-08-31,1,4,1,1,1,2
1381,2021-08-31,1,1,1,1,1,2
1382,2021-08-31,0,4,1,1,1,1
1383,2021-08-31,0,4,2,2,1,2
1384,2021-08-31,1,4,1,1,1,1
1385,2021-08-31,1,3,1,1,1,1
1386,2021-08-31,1,3,1,2,1,4
1387,2021-08-31,0,4,2,2,1,1
1388,2021-08-31,1,4,1,1,1,3
1389,2021-08-30,1,5,1,3,1,3
1390,2021-08-30,1,3,1,2,1,1
1391,2021-08-30,1,3,1,1,1,2
1392,2021-08-30,0,4,1,2,1,3
1393,2021-08-30,1,4,2,2,1,1
1394,2021-08-30,1,4,1,2,1,1
1395,2021-08-30,1,4,1,1,1,2
1396,2021-08-30,0,4,1,1,1,1
1397,2021-08-30,0,4,1,2,1,1
1398,2021-08-30,0,3,1,2,1,1
1399,2021-08-30,1,4,1,1,1,1
1400,2021-08-30,1,5,2,2,1,2
1401,2021-08-30,1,3,1,1,1,2
1402,2021-08-30,1,4,1,2,1,2
1403,2021-08-30,0,4,1,2,1,1
1404,2021-08-30,0,4,1,1,1,1
1405,2021-08-30,0,2,1,1,1,1
1406,2021-08-30,0,4,1,1,1,4
1407,2021-08-30,1,4,1,1,1,4
1408,2021-08-30,0,4,2,2,1,1
1409,2021-08-30,1,4,1,1,1,1
1410,2021-08-30,1,3,2,3,1,1
1411,2021-08-30,0,1,1,1,1,2
1412,2021-08-30,0,3,2,2,1,2
1413,2021-08-30,1,4,1,2,1,1
1414,2021-08-30,1,3,2,2,1,2
1415,2021-08-30,0,3,1,1,1,1
1416,2021-08-30,1,4,1,1,1,1
1417,2021-08-29,1,4,1,3,1,1
1418,2021-08-29,1,5,2,2,1,1
1419,2021-08-29,1,4,1,2,1,3
1420,2021-08-29,0,3,1,1,1,1
1421,2021-08-29,0,4,1,1,1,1
1422,2021-08-29,1,4,1,1,1,2
1423,2021-08-29,1,4,3,3,1,5
1424,2021-08-29,1,4,1,1,1,3
1425,2021-08-29,0,4,2,2,1,2
1426,2021-08-29,1,1,1,1,1,1
1427,2021-08-29,1,3,2,1,1,3
1428,2021-08-29,1,4,1,2,1,2
1429,2021-08-29,1,2,1,1,1,1
1430,2021-08-29,1,4,2,2,1,1
1431,2021-08-29,0,2,2,1,1,1
1432,2021-08-29,1,5,3,3,1,2
1433,2021-08-29,1,3,1,1,1,2
1434,2021-08-29,0,4,1,2,1,2
1435,2021-08-29,0,4,1,1,1,1
1436,2021-08-29,1,2,2,1,1,2
1437,2021-08-29,0,4,1,2,1,1
1438,2021-08-29,1,4,1,1,1,3
1439,2021-08-29,1,3,1,1,1,4
1440,2021-08-29,0,4,1,2,1,2
1441,2021-08-29,1,4,1,3,1,3
1442,2021-08-29,1,3,1,1,1,1
1443,2021-08-29,1,3,1,2,1,2
1444,2021-08-29,1,4,1,1,1,2
1445,2021-08-29,1,3,1,1,1,1
1446,2021-08-29,1,2,1,2,1,2
1447,2021-08-29,1,4,2,2,1,1
1448,2021-08-29,0,5,1,1,1,2
1449,2021-08-29,1,4,2,1,1,2
1450,2021-08-29,0,5,2,2,1,2
1451,2021-08-29,0,5,3,4,1,1
1452,2021-08-28,1,5,1,2,1,1
1453,2021-08-28,1,5,2,3,1,3
1454,2021-08-28,1,4,1,1,1,2
1455,2021-08-28,0,4,1,3,1,2
1456,2021-08-28,1,5,1,1,1,1
1457,2021-08-28,1,4,1,1,1,4
1458,2021-08-28,1,4,2,2,1,2
1459,2021-08-28,0,4,2,2,1,1
1460,2021-08-28,1,4,2,2,1,1
1461,2021-08-28,1,4,1,2,1,1
1462,2021-08-28,1,4,1,1,1,2
1463,2021-08-28,1,4,1,1,1,1
1464,2021-08-28,1,1,1,1,1,3
1465,2021-08-28,1,5,1,1,1,1
1466,2021-08-28,1,4,2,2,1,2
1467,2021-08-28,0,4,1,2,1,1
1468,2021-08-28,1,5,2,3,1,1
1469,2021-08-28,1,4,2,3,1,1
1470,2021-08-28,1,4,1,2,1,2
1471,2021-08-28,1,4,1,1,1,3
1472,2021-08-28,1,3,2,3,1,3
1473,2021-08-28,1,4,1,1,1,1
1474,2021-08-28,1,3,1,1,1,2
1475,2021-08-27,1,5,1,3,1,4
1476,2021-08-27,0,4,1,1,1,2
1477,2021-08-27,0,4,1,3,1,2
1478,2021-08-27,1,1,1,1,1,1
1479,2021-08-27,1,4,1,2,1,1
1480,2021-08-27,0,3,1,3,1,1
1481,2021-08-27,1,4,2,3,1,3
1482,2021-08-27,1,3,1,1,1,3
1483,2021-08-27,0,4,1,1,1,1
1484,2021-08-27,1,4,1,1,1,1
1485,2021-08-27,0,5,1,1,1,2
1486,2021-08-27,1,3,1,2,1,2
1487,2021-08-27,0,4,1,2,1,2
1488,2021-08-27,0,4,2,1,1,1
1489,2021-08-27,1,4,2,2,1,2
1490,2021-08-27,0,5,1,2,1,1
1491,2021-08-27,0,5,2,2,1,3
1492,2021-08-27,1,4,1,2,1,1
1493,2021-08-27,1,2,1,1,1,2
1494,2021-08-27,1,4,1,1,1,1
1495,2021-08-27,1,4,1,1,1,3
1496,2021-08-27,0,4,1,2,1,1
1497,2021-08-27,1,5,1,1,1,2
1498,2021-08-27,1,4,2,2,1,2
1499,2021-08-27,0,2,1,1,1,2
1500,2021-08-27,1,1,1,1,1,3
1501,2021-08-27,0,5,1,2,1,1
1502,2021-08-27,1,4,1,3,1,1
1503,2021-08-27,1,5,1,3,1,4
1504,2021-08-27,0,3,1,1,1,1
1505,2021-08-27,1,4,1,1,1,2
1506,2021-08-27,1,2,1,1,1,3
1507,2021-08-27,0,4,1,1,1,1
1508,2021-08-27,1,4,1,1,1,1
1509,2021-08-26,1,3,1,1,1,2
1510,2021-08-26,1,4,1,1,1,1
1511,2021-08-26,0,2,1,2,1,2
1512,2021-08-26,0,4,1,1,1,2
1513,2021-08-26,0,4,1,1,1,2
1514,2021-08-26,1,5,1,1,1,1
1515,2021-08-26,1,4,2,1,1,2
1516,2021-08-26,1,4,1,2,1,3
1517,2021-08-26,0,4,1,2,1,2
1518,2021-08-26,1,4,1,1,1,2
1519,2021-08-26,0,3,1,2,1,3
1520,2021-08-26,1,4,2,2,1,3
1521,2021-08-26,1,5,1,1,1,1
1522,2021-08-26,1,4,1,1,1,1
1523,2021-08-26,0,4,2,2,1,1
1524,2021-08-26,1,4,2,2,1,1
1525,2021-08-26,1,5,1,2,1,3
1526,2021-08-26,1,3,1,1,1,3
1527,2021-08-26,0,4,1,2,1,2
1528,2021-08-26,0,3,2,2,1,2
1529,2021-08-26,0,3,2,1,1,2
1530,2021-08-26,1,5,1,1,1,2
1531,2021-08-26,1,3,1,1,1,2
1532,2021-08-26,1,5,1,1,1,4
1533,2021-08-26,0,4,2,2,1,1
1534,2021-08-26,1,4,1,1,1,1
1535,2021-08-26,1,5,1,1,1,1
1536,2021-08-26,0,5,2,2,1,1
1537,2021-08-26,0,5,1,2,1,2
1538,2021-08-26,1,5,1,2,1,6
1539,2021-08-26,0,4,1,1,1,1
1540,2021-08-26,1,1,1,1,1,2
1541,2021-08-26,1,5,1,2,1,3
1542,2021-08-26,1,5,1,2,1,3
1543,2021-08-26,1,5,1,2,1,1
1544,2021-08-26,1,5,2,4,1,2
1545,2021-08-26,0,4,1,1,1,1
1546,2021-08-26,0,2,1,1,1,1
1547,2021-08-25,1,4,2,2,1,4
1548,2021-08-25,1,3,1,1,1,2
1549,2021-08-25,0,5,1,2,1,3
1550,2021-08-25,1,6,1,3,1,5
1551,2021-08-25,1,3,1,2,1,1
1552,2021-08-25,1,3,1,1,1,3
1553,2021-08-25,1,3,1,2,1,1
1554,2021-08-25,0,3,1,1,1,1
1555,2021-08-25,1,4,2,1,1,1
1556,2021-08-25,0,4,1,2,1,1
1557,2021-08-25,0,4,1,1,1,2
1558,2021-08-25,1,5,1,1,1,3
1559,2021-08-25,1,4,2,2,1,2
1560,2021-08-25,1,5,1,2,1,1
1561,2021-08-25,1,2,2,1,1,1
1562,2021-08-25,1,5,1,1,1,1
1563,2021-08-25,1,3,2,1,1,1
1564,2021-08-25,1,6,2,2,1,1
1565,2021-08-25,1,3,1,1,1,1
1566,2021-08-25,0,2,1,1,1,1
1567,2021-08-25,1,2,2,1,1,2
1568,2021-08-25,1,4,2,1,1,2
1569,2021-08-25,1,7,1,1,1,2
1570,2021-08-25,0,7,1,1,1,2
1571,2021-08-25,1,4,3,3,1,1
1572,2021-08-25,0,6,1,3,1,2
1573,2021-08-25,1,4,1,2,1,3
1574,2021-08-25,1,1,1,1,1,1
1575,2021-08-25,1,5,1,1,1,1
1576,2021-08-25,0,4,1,1,1,1
1577,2021-08-25,1,4,1,2,1,3
1578,2021-08-25,1,3,1,1,1,1
1579,2021-08-25,0,4,1,3,1,5
1580,2021-08-25,0,3,1,2,1,2
1581,2021-08-25,1,4,2,2,1,1
1582,2021-08-25,0,5,1,2,1,4
1583,2021-08-25,0,4,1,1,1,1
1584,2021-08-25,0,3,1,2,1,2
1585,2021-08-25,1,3,1,2,1,1
1586,2021-08-25,0,6,2,3,1,1
1587,2021-08-25,0,4,1,1,1,1
1588,2021-08-25,1,5,1,2,1,2
1589,2021-08-24,0,4,1,1,1,1
1590,2021-08-24,0,4,2,2,1,1
1591,2021-08-24,1,4,1,1,1,1
1592,2021-08-24,1,5,2,2,1,2
1593,2021-08-24,0,5,3,4,1,3
1594,2021-08-24,1,3,1,1,1,1
1595,2021-08-24,1,4,1,1,1,1
1596,2021-08-24,1,3,1,1,1,1
1597,2021-08-24,1,5,2,2,1,3
1598,2021-08-24,1,5,1,1,1,2
1599,2021-08-24,1,5,1,1,1,2
1600,2021-08-24,1,5,1,2,1,2
1601,2021-08-24,1,5,1,1,1,4
1602,2021-08-24,0,5,1,2,1,3
1603,2021-08-24,0,1,1,1,1,2
1604,2021-08-24,1,3,1,2,1,1
1605,2021-08-24,0,4,1,2,1,1
1606,2021-08-24,1,4,1,2,1,1
1607,2021-08-24,1,5,1,3,1,4
1608,2021-08-24,1,2,1,1,1,2
1609,2021-08-24,1,4,1,3,1,2
1610,2021-08-24,1,5,2,2,1,3
1611,2021-08-24,1,5,1,1,1,2
1612,2021-08-24,1,5,2,5,1,3
1613,2021-08-24,0,2,1,1,1,1
1614,2021-08-24,0,1,1,1,1,2
1615,2021-08-24,1,3,1,1,1,1
1616,2021-08-23,0,4,1,2,1,1
1617,2021-08-23,1,4,2,1,1,2
1618,2021-08-23,1,3,1,2,1,1
1619,2021-08-23,1,3,1,2,1,3
1620,2021-08-23,0,4,1,1,1,1
1621,2021-08-23,1,2,1,1,1,4
1622,2021-08-23,1,5,2,1,1,1
1623,2021-08-23,1,1,1,1,1,1
1624,2021-08-23,0,4,1,1,1,1
1625,2021-08-23,1,4,2,3,1,2
1626,2021-08-23,0,4,1,1,1,2
1627,2021-08-23,1,4,1,1,1,2
1628,2021-08-23,1,4,1,1,1,1
1629,2021-08-22,1,5,2,2,1,2
1630,2021-08-22,1,5,1,4,1,3
1631,2021-08-22,1,4,2,2,1,1
1632,2021-08-22,1,4,2,3,1,4
1633,2021-08-22,1,5,1,1,1,3
1634,2021-08-22,1,4,2,2,1,3
1635,2021-08-22,1,4,1,3,1,2
1636,2021-08-22,1,1,1,1,1,2
1637,2021-08-22,1,4,1,2,1,1
1638,2021-08-22,1,5,1,1,1,1
1639,2021-08-22,1,4,1,2,1,2
1640,2021-08-22,1,3,1,1,1,1
1641,2021-08-22,0,4,1,1,1,1
1642,2021-08-22,0,4,1,1,1,1
1643,2021-08-22,1,3,2,2,1,4
1644,2021-08-22,1,5,1,1,1,1
1645,2021-08-22,1,5,1,1,1,2
1646,2021-08-21,1,4,1,2,1,4
1647,2021-08-21,1,4,2,1,1,3
1648,2021-08-21,1,3,1,1,1,1
1649,2021-08-21,1,4,1,1,1,2
1650,2021-08-21,1,4,1,1,1,2
1651,2021-08-21,0,4,1,1,1,2
1652,2021-08-21,1,4,2,2,1,3
1653,2021-08-21,1,4,1,2,1,1
1654,2021-08-21,1,4,2,3,1,1
1655,2021-08-21,1,2,2,1,1,1
1656,2021-08-21,1,4,1,3,1,1
1657,2021-08-21,0,4,1,1,1,1
1658,2021-08-21,1,2,1,1,1,1
1659,2021-08-21,1,4,1,3,1,1
1660,2021-08-21,0,4,1,2,1,1
1661,2021-08-21,0,4,1,2,1,1
1662,2021-08-21,1,4,1,1,1,1
1663,2021-08-21,0,4,1,1,1,2
1664,2021-08-21,0,3,1,1,1,1
1665,2021-08-21,1,1,1,1,1,2
1666,2021-08-21,1,3,1,1,1,2
1667,2021-08-21,1,4,1,2,1,2
1668,2021-08-21,1,3,2,1,1,3
1669,2021-08-21,0,4,1,1,1,1
1670,2021-08-21,0,4,1,1,1,1
1671,2021-08-21,1,3,1,1,1,2
1672,2021-08-21,1,1,1,1,1,2
1673,2021-08-21,0,4,1,1,1,1
1674,2021-08-21,1,5,3,3,1,4
1675,2021-08-21,1,4,1,2,1,1
1676,2021-08-21,0,4,1,1,1,1
1677,2021-08-21,1,4,2,2,1,1
1678,2021-08-21,0,5,1,3,1,1
1679,2021-08-20,1,4,2,2,1,1
1680,2021-08-20,1,4,2,1,1,2
1681,2021-08-20,1,4,3,2,1,2
1682,2021-08-20,1,4,1,1,1,2
1683,2021-08-20,1,3,1,1,1,2
1684,2021-08-20,0,5,1,1,1,2
1685,2021-08-20,1,2,1,2,1,1
1686,2021-08-20,0,4,1,2,1,1
1687,2021-08-20,1,1,1,1,1,1
1688,2021-08-20,0,3,1,1,1,1
1689,2021-08-20,1,4,2,2,1,1
1690,2021-08-20,1,5,1,2,1,5
1691,2021-08-20,1,4,1,1,1,1
1692,2021-08-20,1,5,2,4,1,4
1693,2021-08-20,1,3,1,1,1,2
1694,2021-08-20,0,4,1,1,1,1
1695,2021-08-20,0,3,1,1,1,1
1696,2021-08-20,1,4,1,1,1,1
1697,2021-08-20,0,4,1,2,1,2
1698,2021-08-20,1,4,1,2,1,1
1699,2021-08-20,1,5,2,2,1,4
1700,2021-08-20,1,6,4,3,1,2
1701,2021-08-20,1,3,1,2,1,2
1702,2021-08-20,1,4,1,2,1,2
1703,2021-08-20,0,4,1,2,1,3
1704,2021-08-20,0,4,1,1,1,1
1705,2021-08-20,0,4,1,1,1,1
1706,2021-08-20,1,3,2,1,1,2
1707,2021-08-20,1,5,1,3,1,2
1708,2021-08-20,0,4,2,3,1,1
1709,2021-08-20,1,1,1,1,1,1
1710,2021-08-20,0,4,1,1,1,1
1711,2021-08-20,1,3,1,1,1,2
1712,2021-08-20,0,4,1,1,1,2
1713,2021-08-19,1,6,2,3,1,2
1714,2021-08-19,1,5,3,2,1,3
1715,2021-08-19,1,6,2,3,1,3
1716,2021-08-19,0,4,2,2,1,1
1717,2021-08-19,1,3,2,2,1,3
1718,2021-08-19,0,4,1,1,1,1
1719,2021-08-19,0,5,1,1,1,1
1720,2021-08-19,0,4,2,2,1,1
1721,2021-08-19,0,2,1,1,1,2
1722,2021-08-19,1,4,1,1,1,1
1723,2021-08-19,1,5,2,2,1,3
1724,2021-08-19,1,4,1,1,1,3
1725,2021-08-19,0,3,1,1,1,4
1726,2021-08-19,1,2,1,1,1,1
1727,2021-08-19,1,3,1,1,1,1
1728,2021-08-19,0,3,1,1,1,2
1729,2021-08-19,1,4,2,2,1,2
1730,2021-08-19,1,4,1,1,1,2
1731,2021-08-19,1,3,2,2,1,3
1732,2021-08-19,0,2,1,1,1,1
1733,2021-08-19,1,4,1,2,1,1
1734,2021-08-19,0,5,3,3,1,2
1735,2021-08-19,0,5,1,1,1,1
1736,2021-08-18,0,3,1,1,1,1
1737,2021-08-18,1,5,1,1,1,3
1738,2021-08-18,1,3,1,1,1,1
1739,2021-08-18,1,4,1,1,1,1
1740,2021-08-18,0,3,1,1,1,1
1741,2021-08-18,0,2,1,1,1,1
1742,2021-08-18,1,4,1,1,1,2
1743,2021-08-18,1,2,2,1,1,3
1744,2021-08-18,0,5,1,1,1,2
1745,2021-08-18,1,4,2,2,1,3
1746,2021-08-18,1,5,1,2,1,3
1747,2021-08-18,1,4,1,2,1,2
1748,2021-08-18,1,2,1,1,1,3
1749,2021-08-18,1,5,3,3,1,1
1750,2021-08-18,1,3,2,1,1,2
1751,2021-08-18,0,6,2,2,1,2
1752,2021-08-18,0,3,1,1,1,1
1753,2021-08-18,0,5,1,1,1,1
1754,2021-08-18,0,2,1,1,1,2
1755,2021-08-18,1,3,1,1,1,2
1756,2021-08-18,1,5,4,4,1,2
1757,2021-08-18,1,3,1,1,1,2
1758,2021-08-18,0,4,1,2,1,1
1759,2021-08-18,0,4,2,2,1,1
1760,2021-08-18,1,5,1,1,1,1
1761,2021-08-18,1,4,1,1,1,1
1762,2021-08-18,1,3,2,1,1,1
1763,2021-08-18,0,4,1,1,1,1
1764,2021-08-18,0,4,1,1,1,1
1765,2021-08-18,0,4,1,2,1,1
1766,2021-08-18,1,4,1,1,1,1
1767,2021-08-17,1,3,1,1,1,1
1768,2021-08-17,1,3,1,1,1,1
1769,2021-08-17,0,3,1,2,1,1
1770,2021-08-17,1,3,1,2,1,2
1771,2021-08-17,1,5,1,2,1,1
1772,2021-08-17,1,4,1,2,1,1
1773,2021-08-17,0,4,1,1,1,1
1774,2021-08-17,1,4,1,2,1,1
1775,2021-08-17,0,4,1,1,1,1
1776,2021-08-17,1,4,1,1,1,2
1777,2021-08-17,1,3,2,1,1,3
1778,2021-08-17,1,3,1,1,1,2
1779,2021-08-17,1,3,1,3,1,1
1780,2021-08-17,1,4,1,2,1,2
1781,2021-08-17,1,4,1,1,1,3
1782,2021-08-17,0,4,1,1,1,1
1783,2021-08-17,1,4,1,1,1,3
1784,2021-08-17,1,4,3,3,1,3
1785,2021-08-17,1,5,1,1,1,4
1786,2021-08-17,0,4,1,1,1,2
1787,2021-08-17,1,4,1,2,1,1
1788,2021-08-17,0,4,1,2,1,1
1789,2021-08-17,1,4,1,3,1,1
1790,2021-08-17,0,3,1,1,1,1
1791,2021-08-17,0,3,1,2,1,1
1792,2021-08-17,0,4,2,2,1,2
1793,2021-08-17,1,3,2,2,1,3
1794,2021-08-16,0,4,1,1,1,3
1795,2021-08-16,1,6,2,3,1,5
1796,2021-08-16,1,4,1,1,1,1
1797,2021-08-16,0,4,1,2,1,2
1798,2021-08-16,0,3,1,1,1,1
1799,2021-08-16,1,4,2,1,1,1
1800,2021-08-16,1,5,2,1,1,2
1801,2021-08-16,1,4,1,3,1,3
1802,2021-08-16,1,3,1,1,1,2
1803,2021-08-16,1,4,2,2,1,1
1804,2021-08-16,1,3,2,1,1,2
1805,2021-08-16,1,4,1,1,1,1
1806,2021-08-16,1,3,1,1,1,1
1807,2021-08-16,1,2,1,1,1,1
1808,2021-08-16,0,4,1,2,1,2
1809,2021-08-16,0,4,1,1,1,1
1810,2021-08-16,1,4,3,3,1,1
1811,2021-08-16,1,4,1,2,1,1
1812,2021-08-16,0,4,1,2,1,2
1813,2021-08-16,1,3,1,2,1,1
1814,2021-08-16,1,4,1,2,1,3
1815,2021-08-16,1,2,1,1,1,1
1816,2021-08-16,1,4,1,1,1,2
1817,2021-08-16,0,4,1,1,1,1
1818,2021-08-16,0,4,1,1,1,1
1819,2021-08-16,0,4,1,2,1,1
1820,2021-08-16,1,4,1,1,1,1
1821,2021-08-16,1,4,3,2,1,3
1822,2021-08-16,0,4,1,1,1,1
1823,2021-08-15,0,4,1,1,1,1
1824,2021-08-15,0,4,2,3,1,1
1825,2021-08-15,1,4,2,2,1,1
1826,2021-08-15,1,3,1,1,1,3
1827,2021-08-15,1,1,1,1,1,2
1828,2021-08-15,1,5,2,2,1,3
1829,2021-08-15,1,4,1,3,1,2
1830,2021-08-15,0,4,1,2,1,1
1831,2021-08-15,1,5,1,2,1,2
1832,2021-08-15,1,4,1,1,1,1
1833,2021-08-15,1,3,1,1,1,3
1834,2021-08-15,0,4,1,2,1,2
1835,2021-08-15,1,5,1,2,1,1
1836,2021-08-15,1,4,1,1,1,1
1837,2021-08-15,1,4,2,3,1,1
1838,2021-08-15,1,4,2,2,1,1
1839,2021-08-15,1,4,3,2,1,1
1840,2021-08-15,1,4,1,1,1,2
1841,2021-08-15,1,5,3,3,1,1
1842,2021-08-15,1,5,2,3,1,2
1843,2021-08-15,1,4,1,2,1,2
1844,2021-08-15,0,4,1,1,1,1
1845,2021-08-15,1,5,1,2,1,3
1846,2021-08-15,1,5,2,3,1,1
1847,2021-08-15,1,1,1,1,1,2
1848,2021-08-15,1,5,2,2,1,2
1849,2021-08-15,0,4,1,1,1,1
1850,2021-08-15,0,3,1,1,1,2
1851,2021-08-15,1,5,1,1,1,1
1852,2021-08-15,0,4,1,2,1,1
1853,2021-08-15,1,4,1,2,1,3
1854,2021-08-15,0,4,1,1,1,2
1855,2021-08-15,0,4,2,3,1,1
1856,2021-08-14,1,1,1,1,1,2
1857,2021-08-14,1,3,2,2,1,1
1858,2021-08-14,0,3,1,2,1,1
1859,2021-08-14,0,3,1,1,1,1
1860,2021-08-14,1,3,2,2,1,4
1861,2021-08-14,1,4,2,1,1,1
1862,2021-08-14,1,4,1,2,1,5
1863,2021-08-14,1,4,1,3,1,1
1864,2021-08-14,0,3,1,1,1,1
1865,2021-08-14,0,4,1,2,1,2
1866,2021-08-14,1,4,2,2,1,2
1867,2021-08-14,1,4,1,1,1,1
1868,2021-08-14,0,4,1,1,1,1
1869,2021-08-14,1,5,1,2,1,3
1870,2021-08-14,0,5,1,2,1,1
1871,2021-08-14,1,4,1,2,1,2
1872,2021-08-14,1,4,2,3,1,4
1873,2021-08-14,1,4,1,1,1,1
1874,2021-08-14,1,3,3,1,1,1
1875,2021-08-14,1,4,1,1,1,1
1876,2021-08-14,1,4,1,1,1,1
1877,2021-08-14,1,4,2,1,1,1
1878,2021-08-14,1,3,1,1,1,2
1879,2021-08-14,1,4,2,2,1,2
1880,2021-08-14,0,4,1,1,1,1
1881,2021-08-14,0,5,1,4,1,1
1882,2021-08-14,1,5,2,3,1,3
1883,2021-08-14,1,4,1,1,1,4
1884,2021-08-14,1,4,1,2,1,4
1885,2021-08-14,1,4,2,2,1,3
1886,2021-08-14,1,3,3,2,1,2
1887,2021-08-14,1,1,1,1,1,1
1888,2021-08-14,1,4,1,1,1,3
1889,2021-08-14,0,4,1,1,1,1
1890,2021-08-14,0,4,1,3,1,2
1891,2021-08-14,1,3,1,2,1,4
1892,2021-08-14,1,5,1,2,1,1
1893,2021-08-13,1,3,1,1,1,1
1894,2021-08-13,1,4,1,2,1,3
1895,2021-08-13,1,3,2,1,1,3
1896,2021-08-13,0,4,1,1,1,1
1897,2021-08-13,0,3,2,1,1,2
1898,2021-08-13,0,3,1,1,1,1
1899,2021-08-13,1,4,2,1,1,1
1900,2021-08-13,1,4,1,1,1,1
1901,2021-08-13,1,3,1,1,1,2
1902,2021-08-13,0,4,1,3,1,2
1903,2021-08-13,1,1,1,1,1,1
1904,2021-08-13,0,4,1,1,1,2
1905,2021-08-13,0,4,1,1,1,1
1906,2021-08-13,0,5,1,1,1,2
1907,2021-08-13,1,5,1,2,1,3
1908,2021-08-13,1,4,1,1,1,3
1909,2021-08-13,1,4,2,2,1,1
1910,2021-08-13,1,4,1,1,1,3
1911,2021-08-13,1,4,1,1,1,4
1912,2021-08-13,1,3,1,2,1,2
1913,2021-08-13,1,4,2,2,1,1
1914,2021-08-13,1,4,1,1,1,1
1915,2021-08-13,0,5,2,3,1,2
1916,2021-08-13,0,5,2,4,1,2
1917,2021-08-13,1,4,1,1,1,2
1918,2021-08-13,1,4,1,2,1,1
1919,2021-08-13,1,3,1,1,1,3
1920,2021-08-13,1,4,1,2,1,3
1921,2021-08-13,1,3,1,1,1,2
1922,2021-08-13,1,3,2,1,1,1
1923,2021-08-13,1,4,1,1,1,1
1924,2021-08-13,0,4,1,2,1,2
1925,2021-08-13,1,4,2,2,1,1
1926,2021-08-13,1,4,1,3,1,3
1927,2021-08-13,1,4,1,2,1,1
1928,2021-08-13,1,5,1,3,1,4
1929,2021-08-13,1,4,2,1,1,3
1930,2021-08-13,1,4,1,1,1,1
1931,2021-08-13,1,3,2,2,1,2
1932,2021-08-13,0,6,2,4,1,1
1933,2021-08-12,1,4,1,3,1,1
1934,2021-08-12,1,3,1,3,1,2
1935,2021-08-12,1,4,1,2,1,4
1936,2021-08-12,1,5,2,2,1,3
1937,2021-08-12,1,1,1,1,1,2
1938,2021-08-12,1,4,1,2,1,2
1939,2021-08-12,1,5,2,1,1,2
1940,2021-08-12,1,4,1,1,1,3
1941,2021-08-12,1,5,3,5,1,4
1942,2021-08-12,1,4,2,3,1,4
1943,2021-08-12,0,5,1,1,1,1
1944,2021-08-12,1,3,2,1,1,2
1945,2021-08-12,1,4,1,1,1,3
1946,2021-08-12,1,4,1,2,1,2
1947,2021-08-12,0,2,1,2,1,2
1948,2021-08-12,0,5,1,1,1,2
1949,2021-08-12,1,5,2,3,1,1
1950,2021-08-12,0,2,2,2,1,1
1951,2021-08-12,1,5,1,2,1,1
1952,2021-08-12,0,2,1,1,1,1
1953,2021-08-12,1,5,1,1,1,2
1954,2021-08-12,1,3,1,1,1,1
1955,2021-08-12,1,5,1,1,1,2
1956,2021-08-12,1,4,2,2,1,1
1957,2021-08-12,1,4,1,2,1,3
1958,2021-08-12,0,5,2,2,1,1
1959,2021-08-12,1,2,2,1,1,1
1960,2021-08-12,1,2,2,1,1,1
1961,2021-08-12,0,5,1,1,1,1
1962,2021-08-12,1,5,2,2,1,3
1963,2021-08-12,1,4,1,2,1,1
1964,2021-08-12,0,3,1,1,1,1
1965,2021-08-12,1,5,1,1,1,2
1966,2021-08-11,1,4,1,2,1,1
1967,2021-08-11,1,5,2,2,1,3
1968,2021-08-11,1,4,3,2,1,4
1969,2021-08-11,1,4,1,3,1,2
1970,2021-08-11,1,4,1,2,1,1
1971,2021-08-11,1,4,1,3,1,2
1972,2021-08-11,0,4,1,3,1,2
1973,2021-08-11,0,1,1,1,1,1
1974,2021-08-11,1,5,1,2,1,2
1975,2021-08-11,0,4,1,1,1,4
1976,2021-08-11,1,4,1,2,1,1
1977,2021-08-11,1,4,1,2,1,1
1978,2021-08-11,0,3,1,1,1,2
1979,2021-08-11,1,3,2,3,1,4
1980,2021-08-11,1,3,2,1,1,3
1981,2021-08-11,0,4,1,1,1,1
1982,2021-08-11,1,5,1,1,1,2
1983,2021-08-11,1,5,2,2,1,4
1984,2021-08-11,1,4,2,3,1,2
1985,2021-08-11,1,1,1,1,1,1
1986,2021-08-10,0,3,2,2,1,2
1987,2021-08-10,1,3,1,1,1,2
1988,2021-08-10,1,3,1,2,1,1
1989,2021-08-10,1,3,1,1,1,1
1990,2021-08-10,0,4,2,2,1,2
1991,2021-08-10,1,5,1,1,1,2
1992,2021-08-10,1,3,1,1,1,1
1993,2021-08-10,1,3,1,2,1,1
1994,2021-08-10,0,4,1,2,1,1
1995,2021-08-10,0,4,1,1,1,2
1996,2021-08-10,1,3,1,1,1,2
1997,2021-08-10,1,5,1,1,1,1
1998,2021-08-10,0,5,1,2,1,1
1999,2021-08-10,1,4,1,1,1,1
2000,2021-08-10,0,4,1,1,1,2
2001,2021-08-10,0,3,1,1,1,1
2002,2021-08-10,1,4,1,1,1,2
2003,2021-08-10,0,4,1,1,1,2
2004,2021-08-10,1,2,3,2,1,1
2005,2021-08-10,1,5,2,3,1,1
2006,2021-08-10,0,5,2,1,1,1
2007,2021-08-10,0,4,1,3,1,3
2008,2021-08-10,0,4,1,1,1,1
2009,2021-08-10,0,4,1,2,1,3
2010,2021-08-10,1,4,2,3,1,2
2011,2021-08-10,1,5,1,1,1,1
2012,2021-08-10,0,3,1,1,1,1
2013,2021-08-10,1,4,2,1,1,1
2014,2021-08-09,1,5,2,2,1,1
2015,2021-08-09,1,3,3,2,1,2
2016,2021-08-09,1,5,2,3,1,2
2017,2021-08-09,0,4,2,2,1,2
2018,2021-08-09,1,4,2,2,1,3
2019,2021-08-09,1,3,1,1,1,2
2020,2021-08-09,0,3,1,1,1,1
2021,2021-08-09,1,3,2,1,1,2
2022,2021-08-09,1,5,1,2,1,2
2023,2021-08-08,1,5,1,2,1,2
2024,2021-08-08,1,3,1,1,1,1
2025,2021-08-08,1,3,1,1,1,2
2026,2021-08-08,1,4,1,2,1,2
2027,2021-08-08,0,5,1,3,1,2
2028,2021-08-08,1,3,1,1,1,1
2029,2021-08-08,1,3,1,2,1,3
2030,2021-08-08,1,4,4,2,1,3
2031,2021-08-08,1,3,1,1,1,1
2032,2021-08-08,0,4,1,1,1,3
2033,2021-08-08,1,4,1,2,1,1
2034,2021-08-08,0,3,1,1,1,3
2035,2021-08-08,1,4,2,2,1,2
2036,2021-08-08,1,3,1,1,1,1
2037,2021-08-08,0,4,1,2,1,1
2038,2021-08-08,1,3,1,2,1,2
2039,2021-08-08,1,4,2,1,1,1
2040,2021-08-08,0,3,2,1,1,1
2041,2021-08-08,0,4,1,1,1,2
2042,2021-08-08,1,4,1,1,1,2
2043,2021-08-08,1,5,1,2,1,1
2044,2021-08-08,0,4,2,2,1,1
2045,2021-08-08,1,3,1,1,1,1
2046,2021-08-08,1,4,1,2,1,2
2047,2021-08-08,0,4,1,1,1,1
2048,2021-08-08,0,4,1,2,1,2
2049,2021-08-08,1,5,2,3,1,1
2050,2021-08-08,1,4,1,1,1,2
2051,2021-08-08,1,1,1,1,1,2
2052,2021-08-08,0,4,2,3,1,3
2053,2021-08-08,1,3,1,1,1,2
2054,2021-08-07,1,4,1,3,1,1
2055,2021-08-07,1,3,1,1,1,1
2056,2021-08-07,0,4,1,1,1,2
2057,2021-08-07,0,1,1,1,1,2
2058,2021-08-07,1,5,2,3,1,6
2059,2021-08-07,0,4,1,1,1,1
2060,2021-08-07,1,4,1,2,1,2
2061,2021-08-07,0,3,1,1,1,2
2062,2021-08-07,0,4,1,3,1,1
2063,2021-08-07,0,4,1,3,1,3
2064,2021-08-07,0,2,1,2,1,1
2065,2021-08-07,1,4,1,1,1,1
2066,2021-08-07,0,5,1,2,1,2
2067,2021-08-07,1,3,1,1,1,2
2068,2021-08-07,0,3,1,1,1,1
2069,2021-08-07,1,5,1,2,1,2
2070,2021-08-07,1,4,1,1,1,1
2071,2021-08-07,1,5,1,2,1,2
2072,2021-08-07,1,4,1,1,1,1
2073,2021-08-07,1,3,1,1,1,1
2074,2021-08-07,1,5,1,1,1,1
2075,2021-08-07,1,5,1,1,1,1
2076,2021-08-07,0,4,1,2,1,3
2077,2021-08-07,1,3,1,1,1,1
2078,2021-08-07,1,5,1,3,1,2
2079,2021-08-07,1,4,2,2,1,1
2080,2021-08-07,1,4,1,2,1,3
2081,2021-08-07,1,5,2,2,1,4
2082,2021-08-07,1,4,1,2,1,1
2083,2021-08-07,1,4,2,2,1,2
2084,2021-08-07,1,5,2,2,1,5
2085,2021-08-07,0,4,1,1,1,1
2086,2021-08-07,0,4,1,1,1,2
2087,2021-08-07,1,4,1,1,1,2
2088,2021-08-06,1,5,1,2,1,3
2089,2021-08-06,0,5,1,1,1,2
2090,2021-08-06,1,3,1,2,1,2
2091,2021-08-06,0,5,2,2,1,1
2092,2021-08-06,1,4,2,1,1,2
2093,2021-08-06,1,4,2,4,1,1
2094,2021-08-06,1,6,2,2,1,5
2095,2021-08-06,1,4,1,1,1,3
2096,2021-08-06,0,4,1,1,1,1
2097,2021-08-06,1,3,1,2,1,2
2098,2021-08-06,0,4,1,1,1,1
2099,2021-08-06,0,5,2,2,1,2
2100,2021-08-06,0,4,1,3,1,1
2101,2021-08-06,1,2,2,2,1,1
2102,2021-08-06,0,4,1,1,1,2
2103,2021-08-06,0,4,1,1,1,1
2104,2021-08-06,0,5,2,2,1,3
2105,2021-08-06,1,5,1,1,1,1
2106,2021-08-06,1,4,1,2,1,2
2107,2021-08-06,1,2,1,1,1,2
2108,2021-08-06,1,3,2,1,1,1
2109,2021-08-06,1,2,1,2,1,1
2110,2021-08-06,0,4,1,2,1,2
2111,2021-08-06,1,5,1,2,1,2
2112,2021-08-06,1,5,2,2,1,1
2113,2021-08-06,1,4,1,1,1,2
2114,2021-08-06,0,5,1,1,1,1
2115,2021-08-06,1,3,1,1,1,2
2116,2021-08-06,1,3,2,2,1,2
2117,2021-08-06,1,5,1,1,1,1
2118,2021-08-05,1,4,1,1,1,1
2119,2021-08-05,1,3,2,1,1,1
2120,2021-08-05,1,1,1,1,1,1
2121,2021-08-05,1,4,2,3,1,3
2122,2021-08-05,1,4,2,1,1,1
2123,2021-08-05,1,4,1,2,1,1
2124,2021-08-05,0,5,2,3,1,3
2125,2021-08-05,1,3,1,2,1,3
2126,2021-08-05,0,4,1,2,1,1
2127,2021-08-05,0,3,1,1,1,1
2128,2021-08-05,0,4,1,1,1,2
2129,2021-08-05,1,4,1,1,1,1
2130,2021-08-05,1,3,2,1,1,1
2131,2021-08-05,1,4,1,2,1,1
2132,2021-08-05,0,3,2,2,1,1
2133,2021-08-05,0,3,1,1,1,1
2134,2021-08-05,0,4,1,1,1,1
2135,2021-08-05,1,4,1,1,1,3
2136,2021-08-05,1,5,1,2,1,2
2137,2021-08-05,1,4,1,1,1,3
2138,2021-08-04,1,5,2,4,1,3
2139,2021-08-04,1,4,1,2,1,2
2140,2021-08-04,0,3,1,2,1,1
2141,2021-08-04,1,3,1,1,1,3
2142,2021-08-04,1,4,1,2,1,3
2143,2021-08-04,1,5,1,1,1,1
2144,2021-08-04,1,4,2,2,1,1
2145,2021-08-04,1,1,1,1,1,3
2146,2021-08-04,0,3,1,2,1,3
2147,2021-08-04,0,3,1,1,1,1
2148,2021-08-04,0,4,2,2,1,1
2149,2021-08-04,1,4,1,2,1,2
2150,2021-08-04,0,5,1,1,1,1
2151,2021-08-04,1,4,1,1,1,1
2152,2021-08-04,1,3,1,1,1,1
2153,2021-08-04,0,4,1,2,1,3
2154,2021-08-04,1,5,2,2,1,1
2155,2021-08-04,0,4,1,2,1,1
2156,2021-08-04,0,4,1,2,1,1
2157,2021-08-04,0,4,1,1,1,1
2158,2021-08-04,0,4,1,2,1,1
2159,2021-08-04,1,5,1,1,1,2
2160,2021-08-04,1,4,2,2,1,3
2161,2021-08-04,1,4,1,2,1,2
2162,2021-08-04,1,4,2,2,1,3
2163,2021-08-04,1,5,1,1,1,1
2164,2021-08-04,1,3,1,1,1,2
2165,2021-08-04,1,4,1,1,1,1
2166,2021-08-04,1,4,1,1,1,1
2167,2021-08-04,0,5,2,4,1,1
2168,2021-08-04,0,3,1,1,1,2
2169,2021-08-04,0,4,1,2,1,2
2170,2021-08-04,1,3,1,3,1,1
2171,2021-08-04,1,2,1,1,1,3
2172,2021-08-04,1,4,1,1,1,1
2173,2021-08-04,1,4,1,2,1,2
2174,2021-08-03,0,4,1,3,1,1
2175,2021-08-03,1,4,1,1,1,2
2176,2021-08-03,1,5,2,2,1,1
2177,2021-08-03,1,4,1,1,1,1
2178,2021-08-03,0,5,3,3,1,1
2179,2021-08-03,0,4,1,1,1,1
2180,2021-08-03,0,4,1,1,1,2
2181,2021-08-03,1,4,1,1,1,2
2182,2021-08-03,1,4,2,3,1,3
2183,2021-08-03,0,4,1,3,1,1
2184,2021-08-03,1,4,1,2,1,1
2185,2021-08-03,0,2,1,1,1,1
2186,2021-08-03,1,4,1,1,1,2
2187,2021-08-03,1,4,2,2,1,2
2188,2021-08-03,1,5,2,2,1,4
2189,2021-08-03,0,3,1,1,1,1
2190,2021-08-03,1,4,1,1,1,1
2191,2021-08-03,1,3,2,1,1,1
2192,2021-08-03,1,4,2,2,1,1
2193,2021-08-03,1,4,1,1,1,2
2194,2021-08-03,1,4,1,2,1,1
2195,2021-08-03,0,4,1,1,1,1
2196,2021-08-03,1,5,1,2,1,2
2197,2021-08-03,1,5,1,1,1,3
2198,2021-08-03,1,4,3,3,1,4
2199,2021-08-03,1,4,1,2,1,1
2200,2021-08-03,0,3,3,1,1,1
2201,2021-08-03,1,5,1,2,1,3
2202,2021-08-03,1,4,1,1,1,1
2203,2021-08-03,1,3,2,3,1,3
2204,2021-08-03,1,3,2,2,1,4
2205,2021-08-03,0,3,1,1,1,2
2206,2021-08-03,0,5,2,2,1,2
2207,2021-08-03,1,4,1,1,1,1
2208,2021-08-03,1,4,2,3,1,1
2209,2021-08-02,1,5,2,3,1,3
2210,2021-08-02,0,5,1,2,1,2
2211,2021-08-02,1,5,1,2,1,4
2212,2021-08-02,1,2,2,2,1,4
2213,2021-08-02,1,3,1,1,1,1
2214,2021-08-02,1,5,1,1,1,1
2215,2021-08-02,1,3,1,2,1,1
2216,2021-08-02,1,4,2,2,1,5
2217,2021-08-02,0,4,2,2,1,2
2218,2021-08-02,0,5,1,2,1,1
2219,2021-08-02,0,3,1,2,1,1
2220,2021-08-02,0,4,2,2,1,2
2221,2021-08-02,1,5,1,2,1,1
2222,2021-08-02,1,4,2,3,1,1
2223,2021-08-02,1,3,2,1,1,1
2224,2021-08-02,1,4,2,1,1,2
2225,2021-08-02,0,1,1,1,1,1
2226,2021-08-02,1,5,1,2,1,2
2227,2021-08-02,0,3,1,1,1,2
2228,2021-08-01,0,4,1,1,1,1
2229,2021-08-01,0,4,1,1,1,1
2230,2021-08-01,1,4,1,3,1,3
2231,2021-08-01,1,3,2,3,1,2
2232,2021-08-01,1,5,2,2,1,4
2233,2021-08-01,1,5,3,5,1,2
2234,2021-08-01,1,4,1,1,1,2
2235,2021-08-01,0,4,1,2,1,2
2236,2021-08-01,0,3,1,1,1,1
2237,2021-08-01,1,4,1,1,1,1
2238,2021-08-01,1,5,2,2,1,1
2239,2021-08-01,1,4,1,1,1,1
2240,2021-08-01,1,4,1,2,1,1
2241,2021-08-01,1,3,1,1,1,2
2242,2021-08-01,1,5,1,2,1,3
2243,2021-08-01,1,3,2,1,1,1
2244,2021-08-01,0,4,1,3,1,2
2245,2021-08-01,0,4,1,2,1,1
2246,2021-08-01,1,4,2,2,1,2
2247,2021-08-01,1,3,1,2,1,3
2248,2021-08-01,1,4,1,1,1,2
2249,2021-08-01,0,4,1,2,1,1
2250,2021-08-01,1,3,1,1,1,3
2251,2021-08-01,0,4,1,2,1,2
2252,2021-08-01,0,4,1,1,1,1
2253,2021-07-31,1,4,1,2,1,4
2254,2021-07-31,1,4,2,1,1,1
2255,2021-07-31,1,5,2,2,1,2
2256,2021-07-31,0,4,1,1,1,1
2257,2021-07-31,1,2,1,1,1,1
2258,2021-07-31,0,3,1,1,1,1
2259,2021-07-31,0,2,1,1,1,2
2260,2021-07-31,1,4,1,1,1,2
2261,2021-07-31,0,4,1,2,1,2
2262,2021-07-31,0,3,1,1,1,2
2263,2021-07-31,0,4,1,1,1,2
2264,2021-07-31,1,5,1,2,1,2
2265,2021-07-31,0,4,1,1,1,3
2266,2021-07-31,1,5,1,2,1,2
2267,2021-07-31,1,4,1,1,1,1
2268,2021-07-31,1,2,3,2,1,1
2269,2021-07-31,1,4,1,2,1,1
2270,2021-07-31,1,4,1,1,1,1
2271,2021-07-31,1,3,3,2,1,2
2272,2021-07-31,1,5,3,2,1,1
2273,2021-07-31,0,4,1,2,1,2
2274,2021-07-31,1,3,1,1,1,2
2275,2021-07-31,1,5,1,1,1,3
2276,2021-07-31,1,4,1,1,1,1
2277,2021-07-31,0,5,1,1,1,1
2278,2021-07-31,0,4,1,1,1,1
2279,2021-07-31,0,3,3,1,1,1
2280,2021-07-31,1,4,2,2,1,2
2281,2021-07-31,0,3,2,1,1,2
2282,2021-07-31,0,5,2,3,1,1
2283,2021-07-31,1,2,1,1,1,2
2284,2021-07-31,1,4,1,1,1,1
2285,2021-07-30,1,3,2,1,1,1
2286,2021-07-30,0,4,2,2,1,1
2287,2021-07-30,1,5,1,3,1,3
2288,2021-07-30,1,5,2,2,1,1
2289,2021-07-30,1,4,2,1,1,1
2290,2021-07-30,1,4,2,3,1,2
2291,2021-07-30,0,4,1,1,1,1
2292,2021-07-30,1,4,1,1,1,1
2293,2021-07-30,1,4,1,1,1,1
2294,2021-07-30,1,4,1,1,1,1
2295,2021-07-30,1,5,1,2,1,1
2296,2021-07-30,1,4,2,2,1,2
2297,2021-07-30,1,3,1,1,1,1
2298,2021-07-30,1,4,2,2,1,2
2299,2021-07-30,0,3,1,2,1,1
2300,2021-07-30,1,3,2,3,1,4
2301,2021-07-30,1,5,1,2,1,2
2302,2021-07-30,1,5,2,2,1,4
2303,2021-07-30,1,5,2,3,1,1
2304,2021-07-30,1,4,1,1,1,1
2305,2021-07-30,1,4,1,1,1,1
2306,2021-07-30,0,4,1,1,1,1
2307,2021-07-30,0,4,1,3,1,3
2308,2021-07-30,0,3,1,1,1,2
2309,2021-07-30,1,3,2,2,1,1
2310,2021-07-30,1,4,1,1,1,1
2311,2021-07-30,0,5,1,2,1,3
2312,2021-07-30,1,5,1,2,1,2
2313,2021-07-29,1,4,2,3,1,2
2314,2021-07-29,1,3,1,2,1,1
2315,2021-07-29,0,5,1,3,1,2
2316,2021-07-29,1,4,2,2,1,4
2317,2021-07-29,1,3,2,2,1,2
2318,2021-07-29,0,3,1,1,1,1
2319,2021-07-29,1,3,1,2,1,2
2320,2021-07-29,1,5,2,2,1,3
2321,2021-07-29,0,3,1,1,1,1
2322,2021-07-29,1,4,1,2,1,2
2323,2021-07-29,1,4,2,1,1,2
2324,2021-07-29,0,4,1,2,1,2
2325,2021-07-29,1,4,1,1,1,1
2326,2021-07-29,0,4,1,1,1,2
2327,2021-07-29,1,4,1,1,1,2
2328,2021-07-29,1,4,1,2,1,3
2329,2021-07-29,1,4,1,1,1,1
2330,2021-07-29,1,4,1,1,1,4
2331,2021-07-29,1,5,2,2,1,2
2332,2021-07-29,1,2,1,1,1,2
2333,2021-07-29,1,5,3,3,1,2
2334,2021-07-29,0,4,1,1,1,1
2335,2021-07-28,1,4,1,2,1,1
2336,2021-07-28,1,3,1,2,1,3
2337,2021-07-28,1,3,1,2,1,3
2338,2021-07-28,1,6,2,3,1,3
2339,2021-07-28,1,1,1,1,1,1
2340,2021-07-28,0,5,2,2,1,2
2341,2021-07-28,1,5,1,2,1,2
2342,2021-07-28,1,4,1,1,1,2
2343,2021-07-28,1,3,1,1,1,1
2344,2021-07-28,0,4,2,2,1,1
2345,2021-07-28,1,3,1,1,1,1
2346,2021-07-28,0,4,1,1,1,2
2347,2021-07-28,1,4,1,1,1,1
2348,2021-07-28,0,4,1,1,1,1
2349,2021-07-28,0,4,1,1,1,2
2350,2021-07-28,0,4,1,1,1,1
2351,2021-07-28,1,4,1,1,1,3
2352,2021-07-28,1,3,2,2,1,3
2353,2021-07-28,1,3,1,1,1,1
2354,2021-07-28,1,4,2,2,1,1
2355,2021-07-28,1,4,1,1,1,1
2356,2021-07-28,0,5,2,1,1,1
2357,2021-07-28,1,5,1,1,1,1
2358,2021-07-28,0,4,3,2,1,3
2359,2021-07-28,1,5,3,2,1,3
2360,2021-07-28,0,4,2,2,1,1
2361,2021-07-27,1,3,1,1,1,2
2362,2021-07-27,0,3,1,1,1,1
2363,2021-07-27,1,5,2,3,1,3
2364,2021-07-27,1,4,1,3,1,1
2365,2021-07-27,0,4,1,1,1,1
2366,2021-07-27,1,5,1,2,1,1
2367,2021-07-27,1,4,2,3,1,1
2368,2021-07-27,1,3,1,1,1,3
2369,2021-07-27,1,4,2,1,1,2
2370,2021-07-27,1,5,1,2,1,2
2371,2021-07-27,0,5,1,1,1,2
2372,2021-07-27,1,3,1,1,1,1
2373,2021-07-27,1,4,1,1,1,1
2374,2021-07-27,1,5,1,1,1,1
2375,2021-07-27,0,1,1,1,1,1
2376,2021-07-27,1,4,2,2,1,3
2377,2021-07-27,1,5,3,2,1,1
2378,2021-07-27,1,3,2,2,1,2
2379,2021-07-27,1,4,1,2,1,3
2380,2021-07-27,0,1,1,1,1,2
2381,2021-07-27,0,3,1,1,1,2
2382,2021-07-27,0,4,1,1,1,2
2383,2021-07-27,1,5,2,2,1,1
2384,2021-07-27,0,3,2,3,1,2
2385,2021-07-27,1,4,1,1,1,4
2386,2021-07-27,1,4,1,1,1,3
2387,2021-07-27,0,4,1,1,1,4
2388,2021-07-27,1,3,2,3,1,3
2389,2021-07-27,1,4,1,2,1,3
2390,2021-07-27,0,5,1,3,1,2
2391,2021-07-27,0,4,1,1,1,1
2392,2021-07-27,0,4,1,1,1,2
2393,2021-07-27,1,4,1,1,1,1
2394,2021-07-27,1,5,2,2,1,3
2395,2021-07-27,0,4,1,3,1,2
2396,2021-07-27,1,4,1,2,1,3
2397,2021-07-27,0,4,1,2,1,1
2398,2021-07-27,0,4,1,2,1,2
2399,2021-07-27,1,5,2,2,1,4
2400,2021-07-27,0,5,1,1,1,1
2401,2021-07-27,0,5,1,2,1,2
2402,2021-07-26,1,3,1,1,1,2
2403,2021-07-26,1,4,2,2,1,3
2404,2021-07-26,1,2,1,1,1,4
2405,2021-07-26,0,4,1,1,1,1
2406,2021-07-26,0,4,1,2,1,2
2407,2021-07-26,1,4,1,2,1,2
2408,2021-07-26,1,3,2,1,1,3
2409,2021-07-26,0,5,1,1,1,3
2410,2021-07-26,1,4,2,2,1,3
2411,2021-07-26,0,3,1,1,1,1
2412,2021-07-26,0,4,1,1,1,1
2413,2021-07-26,1,3,1,1,1,1
2414,2021-07-26,0,3,1,1,1,3
2415,2021-07-26,0,4,1,1,1,2
2416,2021-07-26,1,4,1,2,1,1
2417,2021-07-26,0,4,1,1,1,2
2418,2021-07-26,1,5,1,1,1,1
2419,2021-07-26,0,1,1,1,1,2
2420,2021-07-26,0,4,1,1,1,1
2421,2021-07-26,1,4,1,2,1,1
2422,2021-07-26,1,4,2,2,1,2
2423,2021-07-26,0,3,1,2,1,1
2424,2021-07-26,1,4,1,1,1,3
2425,2021-07-25,0,3,1,1,1,1
2426,2021-07-25,1,4,2,2,1,1
2427,2021-07-25,1,4,2,2,1,1
2428,2021-07-25,1,3,1,1,1,1
2429,2021-07-25,1,3,2,1,1,1
2430,2021-07-25,0,3,1,1,1,3
2431,2021-07-25,0,2,1,1,1,1
2432,2021-07-25,1,4,1,1,1,1
2433,2021-07-25,1,3,1,1,1,1
2434,2021-07-25,1,4,1,3,1,3
2435,2021-07-25,0,4,1,3,1,1
2436,2021-07-25,1,4,1,2,1,1
2437,2021-07-25,0,4,1,1,1,4
2438,2021-07-25,0,4,1,1,1,1
2439,2021-07-25,1,3,1,1,1,2
2440,2021-07-25,1,3,1,2,1,1
2441,2021-07-25,0,4,1,2,1,1
2442,2021-07-25,1,4,1,2,1,1
2443,2021-07-25,1,4,3,3,1,1
2444,2021-07-25,1,4,2,2,1,1
2445,2021-07-25,0,4,1,2,1,1
2446,2021-07-25,0,1,1,1,1,1
2447,2021-07-25,1,3,1,2,1,1
2448,2021-07-25,0,4,1,2,1,1
2449,2021-07-25,1,3,2,2,1,2
2450,2021-07-25,1,4,1,1,1,3
2451,2021-07-25,0,5,1,2,1,2
2452,2021-07-25,1,4,1,1,1,2
2453,2021-07-25,1,3,1,1,1,2
2454,2021-07-25,1,2,1,1,1,3
2455,2021-07-25,0,2,1,1,1,1
2456,2021-07-25,1,4,1,1,1,2
2457,2021-07-25,0,3,1,1,1,1
2458,2021-07-25,1,4,1,1,1,2
2459,2021-07-25,1,4,2,1,1,1
2460,2021-07-25,1,5,3,3,1,1
2461,2021-07-25,1,4,1,3,1,3
2462,2021-07-24,1,2,1,2,1,2
2463,2021-07-24,0,4,3,2,1,2
2464,2021-07-24,0,3,1,1,1,1
2465,2021-07-24,1,5,3,4,1,3
2466,2021-07-24,0,3,1,1,1,1
2467,2021-07-24,1,6,1,1,1,3
2468,2021-07-24,1,5,1,3,1,3
2469,2021-07-24,0,3,1,1,1,3
2470,2021-07-24,1,3,1,2,1,1
2471,2021-07-24,1,4,3,3,1,2
2472,2021-07-24,0,4,1,2,1,1
2473,2021-07-24,1,4,2,2,1,1
2474,2021-07-24,1,5,2,2,1,2
2475,2021-07-24,1,5,1,1,1,3
2476,2021-07-24,1,5,2,2,1,3
2477,2021-07-24,1,3,2,1,1,1
2478,2021-07-24,1,4,2,2,1,3
2479,2021-07-24,1,4,1,1,1,1
2480,2021-07-24,0,3,1,1,1,1
2481,2021-07-24,0,1,1,1,1,1
2482,2021-07-24,1,6,2,2,1,1
2483,2021-07-24,0,4,1,1,1,1
2484,2021-07-24,1,4,2,2,1,3
2485,2021-07-24,1,4,1,3,1,4
2486,2021-07-24,1,4,1,1,1,1
2487,2021-07-24,1,1,1,1,1,2
2488,2021-07-24,0,2,1,1,1,1
2489,2021-07-24,1,4,3,2,1,2
2490,2021-07-24,0,3,1,1,1,1
2491,2021-07-24,1,4,2,2,1,1
2492,2021-07-24,1,6,3,4,1,4
2493,2021-07-24,1,5,2,2,1,3
2494,2021-07-24,1,3,1,2,1,1
2495,2021-07-23,0,1,1,1,1,1
2496,2021-07-23,0,4,1,1,1,1
2497,2021-07-23,1,3,1,1,1,3
2498,2021-07-23,0,4,1,1,1,1
2499,2021-07-23,1,5,2,2,1,2
2500,2021-07-23,0,3,1,1,1,2
2501,2021-07-23,1,4,1,1,1,1
2502,2021-07-23,1,3,1,1,1,4
2503,2021-07-23,1,4,1,1,1,1
2504,2021-07-23,1,4,1,1,1,2
2505,2021-07-23,0,3,1,2,1,4
2506,2021-07-23,1,3,2,1,1,1
2507,2021-07-23,1,5,1,2,1,2
2508,2021-07-23,1,5,1,1,1,1
2509,2021-07-23,1,4,1,1,1,3
2510,2021-07-23,0,3,1,1,1,2
2511,2021-07-23,0,4,1,2,1,3
2512,2021-07-23,0,4,1,3,1,1
2513,2021-07-23,0,4,1,1,1,1
2514,2021-07-23,1,4,3,3,1,3
2515,2021-07-23,0,3,1,1,1,1
2516,2021-07-23,1,5,1,1,1,3
2517,2021-07-23,0,3,2,2,1,1
2518,2021-07-23,1,4,2,2,1,3
2519,2021-07-23,0,4,2,2,1,1
2520,2021-07-23,1,4,2,1,1,1
2521,2021-07-23,1,4,2,3,1,1
2522,2021-07-23,1,5,1,1,1,1
2523,2021-07-23,0,3,1,1,1,2
2524,2021-07-23,0,2,1,1,1,1
2525,2021-07-23,0,4,1,2,1,1
2526,2021-07-23,1,1,1,1,1,1
2527,2021-07-23,0,4,1,2,1,1
2528,2021-07-22,1,4,1,1,1,3
2529,2021-07-22,1,5,2,4,1,1
2530,2021-07-22,0,5,1,1,1,3
2531,2021-07-22,1,1,2,1,1,2
2532,2021-07-22,1,4,1,1,1,1
2533,2021-07-22,1,4,1,1,1,4
2534,2021-07-22,0,4,1,1,1,2
2535,2021-07-22,0,2,1,1,1,1
2536,2021-07-22,1,3,1,1,1,3
2537,2021-07-22,1,4,2,3,1,1
2538,2021-07-22,1,4,1,1,1,1
2539,2021-07-22,1,4,1,1,1,2
2540,2021-07-21,1,3,2,1,1,1
2541,2021-07-21,0,1,1,1,1,1
2542,2021-07-21,1,3,1,2,1,2
2543,2021-07-21,0,4,1,2,1,1
2544,2021-07-21,1,4,1,1,1,1
2545,2021-07-21,0,3,1,1,1,1
2546,2021-07-21,1,4,1,2,1,4
2547,2021-07-21,1,3,2,2,1,1
2548,2021-07-21,1,4,1,1,1,1
2549,2021-07-21,1,4,1,1,1,1
2550,2021-07-21,1,4,1,1,1,1
2551,2021-07-21,0,4,1,1,1,1
2552,2021-07-21,0,4,1,1,1,1
2553,2021-07-21,1,4,2,2,1,1
2554,2021-07-21,1,4,1,1,1,1
2555,2021-07-21,0,4,1,1,1,1
2556,2021-07-21,0,5,1,1,1,1
2557,2021-07-21,1,3,1,1,1,2
2558,2021-07-21,0,4,1,1,1,2
2559,2021-07-21,1,4,3,3,1,3
2560,2021-07-21,1,3,1,1,1,1
2561,2021-07-21,1,4,1,1,1,2
2562,2021-07-21,1,4,1,1,1,1
2563,2021-07-21,0,2,2,1,1,1
2564,2021-07-21,1,5,1,2,1,2
2565,2021-07-21,0,4,1,1,1,1
2566,2021-07-21,1,4,1,2,1,2
2567,2021-07-21,1,4,1,2,1,2
2568,2021-07-21,0,4,1,2,1,1
2569,2021-07-21,1,4,1,1,1,1
2570,2021-07-21,1,4,1,1,1,1
2571,2021-07-21,0,4,2,2,1,2
2572,2021-07-21,1,4,2,2,1,1
2573,2021-07-21,0,3,1,2,1,2
2574,2021-07-21,1,5,1,1,1,2
2575,2021-07-21,1,4,2,2,1,1
2576,2021-07-20,0,5,1,2,1,2
2577,2021-07-20,0,4,1,2,1,1
2578,2021-07-20,1,1,1,1,1,2
2579,2021-07-20,1,3,2,2,1,2
2580,2021-07-20,0,4,1,1,1,1
2581,2021-07-20,1,4,2,2,1,5
2582,2021-07-20,0,3,2,2,1,2
2583,2021-07-20,1,4,1,3,1,2
2584,2021-07-20,1,4,1,1,1,2
2585,2021-07-20,0,4,1,1,1,2
2586,2021-07-20,0,5,2,2,1,1
2587,2021-07-20,0,4,1,1,1,3
2588,2021-07-20,1,4,1,2,1,1
2589,2021-07-20,1,5,1,1,1,1
2590,2021-07-20,1,4,1,1,1,1
2591,2021-07-20,1,4,1,1,1,1
2592,2021-07-20,0,4,1,1,1,1
2593,2021-07-20,0,3,1,1,1,1
2594,2021-07-20,1,3,1,1,1,2
2595,2021-07-20,0,3,2,1,1,1
2596,2021-07-20,1,3,2,1,1,1
2597,2021-07-20,0,4,1,1,1,2
2598,2021-07-20,0,4,1,1,1,2
2599,2021-07-20,1,4,1,3,1,3
2600,2021-07-20,1,1,1,1,1,3
2601,2021-07-20,1,3,1,1,1,1
2602,2021-07-20,0,4,1,1,1,2
2603,2021-07-20,1,3,1,2,1,1
2604,2021-07-20,0,3,1,1,1,1
2605,2021-07-20,1,4,1,2,1,1
2606,2021-07-20,0,1,1,1,1,1
2607,2021-07-20,1,3,1,2,1,1
2608,2021-07-20,1,5,3,3,1,4
2609,2021-07-20,0,5,1,2,1,1
2610,2021-07-20,1,3,1,2,1,1
2611,2021-07-20,0,4,1,1,1,1
2612,2021-07-20,1,4,2,2,1,1
2613,2021-07-20,1,1,1,1,1,1
2614,2021-07-20,0,4,1,1,1,2
2615,2021-07-19,1,3,1,1,1,1
2616,2021-07-19,1,3,1,1,1,1
2617,2021-07-19,1,3,1,1,1,3
2618,2021-07-19,1,3,1,1,1,2
2619,2021-07-19,0,4,2,1,1,1
2620,2021-07-19,1,3,1,2,1,2
2621,2021-07-19,1,5,3,2,1,4
2622,2021-07-19,1,6,1,2,1,3
2623,2021-07-19,1,5,2,2,1,1
2624,2021-07-19,1,5,1,1,1,1
2625,2021-07-19,0,4,1,1,1,1
2626,2021-07-19,1,4,1,2,1,4
2627,2021-07-19,1,5,1,2,1,3
2628,2021-07-19,0,4,2,3,1,1
2629,2021-07-19,1,2,2,1,1,3
2630,2021-07-19,1,5,2,2,1,2
2631,2021-07-19,1,5,1,1,1,4
2632,2021-07-19,0,4,1,2,1,2
2633,2021-07-19,1,5,1,1,1,1
2634,2021-07-19,1,4,1,1,1,1
2635,2021-07-19,0,3,1,1,1,1
2636,2021-07-19,1,4,2,2,1,4
2637,2021-07-19,1,4,1,1,1,1
2638,2021-07-19,0,4,1,3,1,1
2639,2021-07-19,1,4,2,1,1,1
2640,2021-07-19,1,6,1,1,1,2
2641,2021-07-19,1,4,1,2,1,2
2642,2021-07-19,1,5,1,1,1,1
2643,2021-07-19,1,5,1,2,1,2
2644,2021-07-19,1,4,1,2,1,1
2645,2021-07-19,0,2,1,1,1,1
2646,2021-07-19,1,4,1,1,1,3
2647,2021-07-19,1,3,2,2,1,2
2648,2021-07-19,1,3,1,2,1,3
2649,2021-07-19,1,6,2,2,1,2
2650,2021-07-18,1,3,2,2,1,1
2651,2021-07-18,1,3,2,2,1,3
2652,2021-07-18,1,3,1,1,1,1
2653,2021-07-18,1,3,1,1,1,4
2654,2021-07-18,1,3,1,1,1,1
2655,2021-07-18,0,3,1,1,1,3
2656,2021-07-18,1,4,1,1,1,1
2657,2021-07-18,1,4,2,3,1,3
2658,2021-07-18,1,3,1,1,1,1
2659,2021-07-18,1,4,1,1,1,2
2660,2021-07-18,0,3,1,2,1,2
2661,2021-07-18,1,5,1,2,1,2
2662,2021-07-18,1,3,3,1,1,2
2663,2021-07-18,1,3,1,1,1,2
2664,2021-07-18,1,4,1,1,1,1
2665,2021-07-18,0,5,2,2,1,2
2666,2021-07-18,1,4,2,2,1,1
2667,2021-07-18,1,3,2,2,1,2
2668,2021-07-18,0,3,1,2,1,2
2669,2021-07-18,1,3,3,2,1,2
2670,2021-07-18,1,4,1,2,1,3
2671,2021-07-18,1,4,1,1,1,1
2672,2021-07-18,1,3,1,1,1,1
2673,2021-07-18,1,1,1,1,1,3
2674,2021-07-18,0,3,1,1,1,1
2675,2021-07-18,1,5,1,2,1,2
2676,2021-07-18,1,2,2,2,1,2
2677,2021-07-18,1,4,1,1,1,2
2678,2021-07-18,0,4,1,3,1,3
2679,2021-07-18,1,4,2,3,1,2
2680,2021-07-18,1,5,2,2,1,1
2681,2021-07-18,1,5,1,3,1,3
2682,2021-07-18,1,2,1,1,1,2
2683,2021-07-18,1,3,1,1,1,1
2684,2021-07-18,1,3,2,2,1,3
2685,2021-07-18,0,3,1,1,1,1
2686,2021-07-18,0,1,1,1,1,1
2687,2021-07-18,0,5,2,2,1,2
2688,2021-07-17,0,4,1,2,1,2
2689,2021-07-17,1,3,1,1,1,1
2690,2021-07-17,0,3,1,1,1,4
2691,2021-07-17,1,1,1,1,1,3
2692,2021-07-17,0,5,1,1,1,1
2693,2021-07-17,1,4,1,3,1,2
2694,2021-07-17,1,3,2,2,1,2
2695,2021-07-17,1,3,2,2,1,2
2696,2021-07-17,0,4,1,1,1,3
2697,2021-07-17,1,4,1,2,1,4
2698,2021-07-17,0,3,1,1,1,1
2699,2021-07-17,1,2,1,1,1,1
2700,2021-07-17,1,5,1,1,1,2
2701,2021-07-17,1,4,1,1,1,1
2702,2021-07-17,1,2,1,1,1,1
2703,2021-07-17,1,4,2,3,1,3
2704,2021-07-17,1,4,2,2,1,1
2705,2021-07-17,0,2,1,1,1,1
2706,2021-07-17,1,3,3,2,1,1
2707,2021-07-17,1,4,1,1,1,1
2708,2021-07-17,1,5,1,2,1,2
2709,2021-07-17,1,3,1,1,1,1
2710,2021-07-17,1,4,2,3,1,2
2711,2021-07-17,1,5,2,3,1,2
2712,2021-07-17,1,3,1,1,1,3
2713,2021-07-17,0,4,1,1,1,2
2714,2021-07-17,1,4,2,2,1,2
2715,2021-07-17,1,4,3,4,1,1
2716,2021-07-16,1,3,1,3,1,4
2717,2021-07-16,1,4,3,3,1,3
2718,2021-07-16,1,5,1,3,1,3
2719,2021-07-16,1,4,1,1,1,1
2720,2021-07-16,0,4,1,1,1,3
2721,2021-07-16,0,4,1,1,1,1
2722,2021-07-16,1,3,1,1,1,1
2723,2021-07-16,1,3,1,1,1,1
2724,2021-07-16,1,6,5,4,1,2
2725,2021-07-16,1,5,1,1,1,3
2726,2021-07-16,1,4,1,2,1,2
2727,2021-07-16,1,4,3,2,1,1
2728,2021-07-16,0,4,1,3,1,1
2729,2021-07-16,1,4,2,2,1,2
2730,2021-07-16,0,4,1,2,1,1
2731,2021-07-16,0,5,1,1,1,1
2732,2021-07-16,1,4,1,1,1,1
2733,2021-07-16,0,3,1,2,1,1
2734,2021-07-16,1,3,1,1,1,3
2735,2021-07-16,0,3,1,1,1,2
2736,2021-07-16,1,3,1,2,1,1
2737,2021-07-16,0,4,1,2,1,2
2738,2021-07-16,1,3,1,2,1,1
2739,2021-07-16,0,5,2,4,1,2
2740,2021-07-16,1,5,1,1,1,1
2741,2021-07-16,1,4,2,2,1,1
2742,2021-07-16,1,4,1,1,1,2
2743,2021-07-16,1,1,1,1,1,2
2744,2021-07-16,1,4,1,1,1,1
2745,2021-07-16,1,5,3,3,1,2
2746,2021-07-16,0,4,1,1,1,1
2747,2021-07-16,1,5,2,3,1,4
2748,2021-07-16,1,6,1,1,1,1
2749,2021-07-16,0,3,1,1,1,4
2750,2021-07-16,1,5,1,4,1,4
2751,2021-07-16,0,3,1,1,1,1
2752,2021-07-16,1,4,1,2,1,2
2753,2021-07-16,1,4,2,2,1,1
2754,2021-07-11,0,4,1,1,1,1
2755,2021-07-11,0,4,1,2,1,3
2756,2021-07-11,1,2,1,1,1,3
2757,2021-07-11,1,5,1,2,1,4
2758,2021-07-11,1,5,1,1,1,3
2759,2021-07-11,0,5,2,2,1,3
2760,2021-07-11,1,4,3,3,1,1
2761,2021-07-11,1,4,1,3,1,1
2762,2021-07-11,1,4,2,3,1,3
2763,2021-07-11,1,6,1,3,1,5
2764,2021-07-11,1,3,2,2,1,1
2765,2021-07-11,0,4,1,1,1,2
2766,2021-07-11,0,4,2,2,1,1
2767,2021-07-11,0,2,2,1,1,4
2768,2021-07-11,1,3,1,1,1,1
2769,2021-07-11,0,5,2,1,1,3
2770,2021-07-11,1,1,1,1,1,1
2771,2021-07-11,1,4,1,1,1,1
2772,2021-07-11,1,5,2,3,1,3
2773,2021-07-11,1,4,1,2,1,1
2774,2021-07-11,1,4,1,1,1,1
2775,2021-07-11,1,4,1,1,1,1
2776,2021-07-11,0,1,1,1,1,2
2777,2021-07-11,1,4,1,2,1,2
2778,2021-07-11,0,4,1,3,1,2
2779,2021-07-11,0,5,1,1,1,1
2780,2021-07-11,0,4,1,1,1,1
2781,2021-07-11,0,4,1,1,1,2
2782,2021-07-11,1,4,2,2,1,3
2783,2021-07-11,1,5,2,4,1,4
2784,2021-07-11,1,3,1,1,1,1
2785,2021-07-10,0,2,1,1,1,1
2786,2021-07-10,1,4,1,1,1,1
2787,2021-07-10,1,2,1,1,1,1
2788,2021-07-10,1,3,2,2,1,2
2789,2021-07-10,0,3,1,1,1,1
2790,2021-07-10,1,4,1,1,1,1
2791,2021-07-10,1,2,1,1,1,2
2792,2021-07-10,1,4,1,1,1,3
2793,2021-07-10,0,1,1,1,1,2
2794,2021-07-10,1,5,2,3,1,3
2795,2021-07-10,0,3,1,1,1,2
2796,2021-07-10,0,3,1,2,1,2
2797,2021-07-10,1,4,3,2,1,1
2798,2021-07-10,0,2,1,1,1,1
2799,2021-07-10,1,3,1,1,1,1
2800,2021-07-10,1,4,1,3,1,4
2801,2021-07-10,1,3,1,1,1,3
2802,2021-07-10,0,2,1,1,1,1
2803,2021-07-10,1,3,1,2,1,2
2804,2021-07-10,1,3,1,2,1,1
2805,2021-07-10,0,5,1,2,1,2
2806,2021-07-10,1,3,2,3,1,3
2807,2021-07-10,1,5,1,1,1,2
2808,2021-07-10,0,5,2,3,1,2
2809,2021-07-10,1,3,4,2,1,4
2810,2021-07-10,1,4,1,2,1,2
2811,2021-07-10,1,3,2,2,1,1
2812,2021-07-10,0,4,1,1,1,1
2813,2021-07-10,1,5,2,4,1,3
2814,2021-07-10,1,4,1,2,1,3
2815,2021-07-10,0,2,1,1,1,1
2816,2021-07-10,0,5,1,1,1,1
2817,2021-07-10,1,3,1,1,1,2
2818,2021-07-10,1,5,1,2,1,3
2819,2021-07-10,1,5,2,1,1,1
2820,2021-07-10,1,3,1,1,1,2
2821,2021-07-10,1,4,2,2,1,2
2822,2021-07-10,0,3,1,1,1,2
2823,2021-07-10,1,4,1,1,1,1
2824,2021-07-10,1,4,1,1,1,2
2825,2021-07-10,1,4,2,3,1,4
2826,2021-07-10,1,5,2,3,1,2
2827,2021-07-09,1,3,1,2,1,4
2828,2021-07-09,1,3,2,1,1,4
2829,2021-07-09,0,4,1,1,1,1
2830,2021-07-09,0,1,1,1,1,2
2831,2021-07-09,1,3,1,1,1,1
2832,2021-07-09,1,4,1,3,1,2
2833,2021-07-09,0,2,1,1,1,1
2834,2021-07-09,1,4,1,1,1,3
2835,2021-07-09,0,4,1,2,1,1
2836,2021-07-09,1,4,1,2,1,2
2837,2021-07-09,0,3,1,1,1,1
2838,2021-07-09,0,3,2,2,1,1
2839,2021-07-09,1,5,3,2,1,2
2840,2021-07-09,1,3,2,1,1,1
2841,2021-07-09,1,5,1,2,1,2
2842,2021-07-09,1,3,1,1,1,1
2843,2021-07-09,1,5,1,1,1,4
2844,2021-07-09,1,5,1,2,1,2
2845,2021-07-09,0,5,1,3,1,1
2846,2021-07-09,1,4,1,1,1,1
2847,2021-07-09,0,3,1,1,1,2
2848,2021-07-09,1,4,1,2,1,4
2849,2021-07-09,1,3,1,1,1,1
2850,2021-07-08,1,4,1,2,1,3
2851,2021-07-08,1,3,1,1,1,1
2852,2021-07-08,1,5,1,3,1,2
2853,2021-07-08,0,4,1,2,1,2
2854,2021-07-08,1,4,1,2,1,1
2855,2021-07-08,0,4,1,2,1,1
2856,2021-07-08,1,2,2,2,1,1
2857,2021-07-08,1,1,1,1,1,4
2858,2021-07-08,0,4,1,1,1,1
2859,2021-07-08,1,4,1,1,1,3
2860,2021-07-08,1,2,1,1,1,2
2861,2021-07-08,1,4,1,1,1,1
2862,2021-07-08,1,4,1,1,1,1
2863,2021-07-08,0,4,1,1,1,2
2864,2021-07-08,1,5,1,2,1,2
2865,2021-07-08,1,4,2,1,1,3
2866,2021-07-07,1,4,1,2,1,2
2867,2021-07-07,1,3,1,1,1,2
2868,2021-07-07,1,4,1,1,1,1
2869,2021-07-07,0,3,2,1,1,1
2870,2021-07-07,1,3,1,1,1,1
2871,2021-07-07,0,3,1,1,1,1
2872,2021-07-07,0,3,1,2,1,1
2873,2021-07-07,1,1,1,1,1,1
2874,2021-07-07,1,4,1,1,1,1
2875,2021-07-07,1,3,1,2,1,5
2876,2021-07-07,1,4,2,2,1,2
2877,2021-07-07,0,4,1,1,1,2
2878,2021-07-07,0,1,1,1,1,1
2879,2021-07-07,0,3,1,2,1,3
2880,2021-07-07,0,3,1,1,1,1
2881,2021-07-07,1,4,2,2,1,1
2882,2021-07-07,0,3,2,1,1,1
2883,2021-07-07,1,5,3,3,1,1
2884,2021-07-07,1,4,1,2,1,4
2885,2021-07-07,1,3,2,2,1,4
2886,2021-07-07,1,4,1,1,1,3
2887,2021-07-07,0,4,1,1,1,1
2888,2021-07-07,1,4,1,1,1,1
2889,2021-07-07,0,5,1,1,1,1
2890,2021-07-07,1,5,2,3,1,3
2891,2021-07-07,0,4,1,2,1,1
2892,2021-07-07,1,4,2,3,1,3
2893,2021-07-07,0,5,1,2,1,2
2894,2021-07-07,0,4,1,2,1,1
2895,2021-07-07,1,4,1,3,1,3
2896,2021-07-07,1,3,1,1,1,1
2897,2021-07-07,0,4,1,3,1,3
2898,2021-07-07,0,4,1,2,1,1
2899,2021-07-07,1,3,3,2,1,3
2900,2021-07-07,1,1,1,1,1,2
2901,2021-07-07,1,4,1,2,1,2
2902,2021-07-07,0,5,1,1,1,3
2903,2021-07-06,1,4,1,2,1,3
2904,2021-07-06,1,4,2,3,1,2
2905,2021-07-06,0,4,1,2,1,1
2906,2021-07-06,1,4,1,1,1,2
2907,2021-07-06,1,3,1,1,1,2
2908,2021-07-06,1,4,2,3,1,1
2909,2021-07-06,0,4,1,2,1,1
2910,2021-07-06,0,4,1,1,1,1
2911,2021-07-06,1,4,2,1,1,1
2912,2021-07-06,1,5,1,1,1,2
2913,2021-07-06,0,1,1,1,1,1
2914,2021-07-06,0,3,1,2,1,1
2915,2021-07-06,1,5,2,3,1,2
2916,2021-07-06,1,5,1,1,1,4
2917,2021-07-06,1,4,1,1,1,2
2918,2021-07-06,1,3,1,2,1,5
2919,2021-07-06,1,4,2,2,1,3
2920,2021-07-06,0,4,1,3,1,2
2921,2021-07-06,1,6,2,5,1,4
2922,2021-07-06,0,3,1,1,1,3
2923,2021-07-06,1,4,2,2,1,3
2924,2021-07-06,1,5,1,1,1,1
2925,2021-07-06,1,5,1,3,1,4
2926,2021-07-06,1,4,2,3,1,1
2927,2021-07-06,0,4,2,2,1,1
2928,2021-07-06,0,3,1,1,1,1
2929,2021-07-06,0,3,1,1,1,2
2930,2021-07-06,0,4,1,3,1,2
2931,2021-07-06,0,2,1,1,1,3
2932,2021-07-05,1,4,2,1,1,1
2933,2021-07-05,1,5,2,2,1,2
2934,2021-07-05,0,1,1,1,1,1
2935,2021-07-05,0,4,1,1,1,2
2936,2021-07-05,1,5,1,2,1,2
2937,2021-07-05,0,4,1,1,1,1
2938,2021-07-05,1,5,1,1,1,3
2939,2021-07-05,1,5,2,2,1,3
2940,2021-07-05,1,3,1,1,1,1
2941,2021-07-05,0,3,1,2,1,2
2942,2021-07-05,1,5,1,3,1,2
2943,2021-07-05,0,5,1,2,1,1
2944,2021-07-05,1,4,1,2,1,1
2945,2021-07-05,1,5,1,3,1,3
2946,2021-07-05,1,4,1,1,1,1
2947,2021-07-05,1,4,2,2,1,2
2948,2021-07-05,0,5,1,1,1,1
2949,2021-07-05,1,3,1,1,1,3
2950,2021-07-05,1,4,1,1,1,3
2951,2021-07-05,1,4,1,2,1,1
2952,2021-07-05,0,4,1,3,1,2
2953,2021-07-05,0,5,1,3,1,5
2954,2021-07-05,0,2,1,1,1,1
2955,2021-07-05,0,4,1,1,1,1
2956,2021-07-05,1,4,1,1,1,1
2957,2021-07-05,1,3,2,1,1,4
2958,2021-07-04,0,3,1,1,1,2
2959,2021-07-04,1,2,1,1,1,3
2960,2021-07-04,1,4,1,1,1,1
2961,2021-07-04,1,5,1,1,1,1
2962,2021-07-04,0,5,2,3,1,4
2963,2021-07-04,1,4,1,1,1,3
2964,2021-07-04,0,5,2,3,1,2
2965,2021-07-04,0,4,1,2,1,2
2966,2021-07-04,1,3,1,1,1,1
2967,2021-07-04,0,5,1,2,1,1
2968,2021-07-04,1,3,1,1,1,1
2969,2021-07-04,1,4,1,1,1,1
2970,2021-07-04,1,4,1,1,1,1
2971,2021-07-04,1,4,1,1,1,1
2972,2021-07-04,1,5,1,1,1,1
2973,2021-07-04,0,2,1,2,1,2
2974,2021-07-04,1,5,1,2,1,3
2975,2021-07-04,0,3,1,1,1,1
2976,2021-07-04,0,4,1,1,1,1
2977,2021-07-04,0,4,1,3,1,4
2978,2021-07-04,1,4,1,2,1,1
2979,2021-07-04,1,3,2,2,1,1
2980,2021-07-04,0,4,1,2,1,1
2981,2021-07-04,1,2,1,1,1,1
2982,2021-07-04,1,5,1,1,1,3
2983,2021-07-04,1,2,1,1,1,3
2984,2021-07-04,1,3,1,1,1,2
2985,2021-07-04,1,5,1,2,1,2
2986,2021-07-04,0,4,1,1,1,1
2987,2021-07-04,1,4,1,2,1,3
2988,2021-07-03,1,3,2,1,1,1
2989,2021-07-03,1,4,1,2,1,3
2990,2021-07-03,1,3,1,1,1,2
2991,2021-07-03,1,2,2,2,1,1
2992,2021-07-03,1,3,2,1,1,3
2993,2021-07-03,1,4,3,2,1,3
2994,2021-07-03,0,2,2,2,1,1
2995,2021-07-03,1,4,1,2,1,1
2996,2021-07-03,1,4,2,1,1,2
2997,2021-07-03,1,3,1,1,1,2
2998,2021-07-03,0,4,1,1,1,2
2999,2021-07-03,0,4,1,1,1,1
3000,2021-07-03,0,2,1,2,1,1
